StudentID,Age,Gender,Ethnicity,ParentalEducation,StudyTimeWeekly,Absences,Tutoring,ParentalSupport,Extracurricular,Sports,Music,Volunteering,GPA,GradeClass
0,17,1,0,2,20.0,7,1,2,0,0,1,0,2.93,2.0
1,18,0,0,1,15.0,0,0,1,0,0,0,0,3.04,1.0
2,15,0,2,3,4.0,26,0,2,0,0,0,0,0.11,4.0
3,17,1,0,3,10.0,14,0,3,1,0,0,0,2.05,3.0
4,17,1,0,2,5.0,17,1,3,0,0,0,0,1.29,4.0
5,18,0,0,1,8.0,0,0,1,1,0,0,0,3.08,1.0
6,15,0,1,1,16.0,10,0,3,0,1,0,0,2.75,2.0
7,15,1,1,4,15.0,22,1,1,1,0,0,0,1.36,4.0
8,17,0,0,0,5.0,1,0,2,0,1,0,1,2.9,2.0
9,16,1,0,1,18.0,0,0,3,1,0,0,0,3.57,0.0
10,17,0,0,1,12.0,11,0,1,0,0,0,0,2.15,3.0
11,17,0,0,1,8.0,15,0,2,0,0,0,1,1.56,4.0
12,17,0,1,1,10.0,21,0,3,1,0,0,0,1.52,4.0
13,17,0,1,2,12.0,21,0,4,0,1,0,0,1.75,4.0
14,18,1,0,1,11.0,9,1,2,0,0,0,0,2.4,3.0
15,15,0,0,2,10.0,17,1,0,0,1,0,0,1.34,4.0
16,18,0,3,1,10.0,14,0,2,1,1,0,0,2.23,3.0
17,18,1,0,0,4.0,16,1,2,0,0,0,0,1.38,4.0
18,18,0,1,3,16.0,29,0,2,1,0,0,1,0.47,4.0
19,17,0,0,1,11.0,9,0,2,0,0,1,0,2.4,3.0
20,16,1,0,3,3.0,2,0,3,0,0,0,1,2.78,2.0
21,15,0,0,2,15.0,25,0,1,1,0,0,0,0.35,4.0
22,16,1,1,0,19.0,29,1,1,0,0,0,0,0.31,4.0
23,18,1,3,4,19.0,20,0,2,1,0,0,0,1.77,4.0
24,18,1,0,1,7.0,15,0,2,0,0,0,0,1.51,4.0
25,16,1,0,3,3.0,5,0,4,0,0,1,0,2.98,2.0
26,16,0,0,1,10.0,2,0,2,0,1,0,0,2.95,2.0
27,16,1,0,3,2.0,8,0,3,0,0,1,0,2.15,3.0
28,18,0,0,0,19.0,10,0,3,1,0,0,0,2.85,2.0
29,18,0,0,2,4.0,20,0,3,1,0,0,0,1.52,4.0
30,15,0,2,2,5.0,12,1,0,0,1,0,0,1.73,4.0
31,15,0,0,3,8.0,17,0,4,0,0,0,1,1.85,4.0
32,18,0,0,3,8.0,25,0,1,0,1,0,0,0.38,4.0
33,16,0,3,3,16.0,21,0,0,1,1,0,0,0.95,4.0
34,16,0,0,3,9.0,27,1,2,1,1,0,0,1.14,4.0
35,15,0,3,1,3.0,23,0,1,0,0,0,0,0.26,4.0
36,18,0,0,1,5.0,26,1,1,0,0,0,0,0.22,4.0
37,15,0,2,1,10.0,21,1,1,0,1,0,0,1.07,4.0
38,15,1,1,1,3.0,3,1,1,1,1,0,0,3.02,1.0
39,17,1,2,1,12.0,21,1,3,1,1,0,0,1.53,4.0
40,17,1,3,2,11.0,23,1,1,0,0,0,0,1.06,4.0
41,17,0,0,1,14.0,7,0,2,0,0,0,0,2.63,2.0
42,16,1,3,2,19.0,12,1,4,0,0,0,0,2.81,2.0
43,18,1,0,1,18.0,9,0,2,0,1,0,0,2.89,2.0
44,18,1,0,1,19.0,1,1,3,1,1,0,0,4.0,0.0
45,18,0,0,2,5.0,7,0,4,0,0,1,0,2.52,2.0
46,18,0,1,2,3.0,5,0,1,1,0,0,0,2.56,2.0
47,17,0,0,2,6.0,15,0,2,0,0,0,0,1.7,4.0
48,16,0,1,2,18.0,17,0,3,0,0,1,0,2.1,3.0
49,16,1,1,1,19.0,16,0,4,1,0,0,0,2.46,3.0
50,17,1,2,2,17.0,5,0,3,0,0,0,0,2.94,2.0
51,16,1,2,0,2.0,12,1,1,1,0,1,0,1.99,4.0
52,17,1,0,1,19.0,22,0,4,0,0,1,0,1.57,4.0
53,18,0,0,2,8.0,13,0,1,0,1,0,0,1.66,4.0
54,17,0,0,0,0.0,29,1,2,1,1,0,0,0.76,4.0
55,18,0,0,1,9.0,25,0,2,0,1,0,0,0.8,4.0
56,18,1,0,4,1.0,20,0,2,0,1,1,0,1.34,4.0
57,15,0,0,4,11.0,29,0,3,1,0,0,0,0.29,4.0
58,17,0,0,1,7.0,9,1,3,0,1,0,0,2.61,2.0
59,15,1,3,0,9.0,23,0,3,0,1,0,0,0.93,4.0
60,17,1,1,1,12.0,10,0,0,1,0,1,0,1.89,4.0
61,17,0,0,1,17.0,12,0,2,0,0,1,0,2.33,3.0
62,15,0,1,3,13.0,11,0,3,0,1,0,0,2.23,3.0
63,15,0,0,1,9.0,8,0,2,0,1,0,0,2.39,3.0
64,17,0,0,2,16.0,3,1,4,0,0,0,0,3.35,1.0
65,16,0,1,1,18.0,6,1,3,1,0,0,0,3.26,1.0
66,18,0,0,4,2.0,23,0,3,0,1,0,0,1.04,4.0
67,15,1,0,1,11.0,28,0,0,0,1,0,0,0.03,4.0
68,18,1,3,2,6.0,21,1,3,0,0,1,0,1.33,4.0
69,16,1,2,1,1.0,1,0,4,0,0,1,0,3.28,1.0
70,16,0,1,2,13.0,6,0,2,1,0,0,0,2.94,2.0
71,16,1,1,1,17.0,28,0,3,0,0,1,1,0.74,4.0
72,15,0,1,1,3.0,8,0,2,1,1,0,0,2.56,2.0
73,16,0,0,3,16.0,4,1,2,0,0,0,0,3.3,1.0
74,15,1,0,3,17.0,14,0,3,1,0,1,0,2.2,3.0
75,16,0,0,3,18.0,17,0,3,0,1,0,0,1.86,4.0
76,18,0,0,2,5.0,3,0,3,0,0,0,0,2.73,2.0
77,18,1,1,3,18.0,18,1,1,1,1,0,0,2.13,3.0
78,17,1,0,0,6.0,19,0,1,0,0,0,0,0.98,4.0
79,18,1,3,1,11.0,25,0,3,0,1,0,0,0.99,4.0
80,17,0,3,1,1.0,6,0,1,0,1,0,0,2.07,3.0
81,18,1,2,2,1.0,25,0,2,0,0,0,0,0.5,4.0
82,15,1,1,1,14.0,7,0,0,1,1,0,0,2.53,2.0
83,18,0,2,1,9.0,16,0,1,0,1,0,0,1.46,4.0
84,17,1,0,2,5.0,12,0,3,1,1,0,0,2.34,3.0
85,17,1,2,3,4.0,23,0,3,0,0,0,0,1.16,4.0
86,16,1,0,1,13.0,20,1,1,1,0,1,1,1.52,4.0
87,15,0,2,1,0.0,27,0,1,0,0,1,0,0.0,4.0
88,18,0,0,1,16.0,22,0,0,1,0,1,0,1.06,4.0
89,16,0,2,1,2.0,10,0,2,0,0,1,1,2.23,3.0
90,18,0,3,1,4.0,26,0,1,0,0,0,1,0.19,4.0
91,18,1,0,2,8.0,0,0,2,1,1,0,0,3.51,0.0
92,16,0,0,2,10.0,1,1,3,0,0,0,0,3.55,0.0
93,16,0,3,2,7.0,16,1,3,0,1,0,0,2.24,3.0
94,16,1,0,1,6.0,4,0,1,1,1,0,0,2.71,2.0
95,16,1,2,3,19.0,29,0,3,0,0,0,1,0.73,4.0
96,16,1,1,1,13.0,29,0,4,0,0,1,0,0.97,4.0
97,18,0,0,2,0.0,5,0,2,0,1,0,0,2.56,2.0
98,16,0,0,3,9.0,25,0,2,1,0,1,1,0.74,4.0
99,15,0,0,1,18.0,24,0,2,0,0,0,0,0.72,4.0
100,17,1,2,1,6.0,23,1,1,1,1,0,1,1.27,4.0
101,16,1,0,3,2.0,6,0,3,1,0,1,1,2.53,2.0
102,16,0,1,1,15.0,27,0,3,1,1,0,0,0.94,4.0
103,18,1,0,2,12.0,20,1,2,0,1,0,0,1.52,4.0
104,16,1,1,0,11.0,29,0,3,1,0,0,0,0.65,4.0
105,16,1,2,2,1.0,14,0,3,0,1,1,1,2.05,3.0
106,16,0,3,1,3.0,18,0,0,1,0,0,1,0.84,4.0
107,18,1,0,0,12.0,15,0,1,0,1,0,0,1.46,4.0
108,16,1,2,2,4.0,24,1,3,1,1,0,0,1.49,4.0
109,17,0,2,1,10.0,12,1,4,0,0,0,0,2.59,2.0
110,18,0,1,1,11.0,4,1,3,0,0,0,0,3.22,1.0
111,17,1,3,0,6.0,2,1,4,0,0,1,0,3.55,0.0
112,18,1,0,1,19.0,2,0,2,0,0,0,0,3.09,1.0
113,16,0,0,1,17.0,18,1,1,0,1,1,0,1.92,4.0
114,17,0,2,0,14.0,13,1,2,0,0,0,0,2.2,3.0
115,18,1,0,3,2.0,15,0,0,0,0,0,1,0.88,4.0
116,15,1,2,0,2.0,21,0,3,1,0,1,0,1.34,4.0
117,16,1,2,2,10.0,16,0,4,0,0,0,0,1.82,4.0
118,18,1,0,1,3.0,26,0,3,0,1,0,0,0.62,4.0
119,15,0,2,1,20.0,3,0,2,1,0,1,1,3.62,0.0
120,18,1,0,3,3.0,12,1,1,1,1,0,0,2.17,3.0
121,15,1,1,1,10.0,7,1,1,0,1,1,0,2.97,2.0
122,16,0,1,4,7.0,18,0,2,0,0,0,0,0.98,4.0
123,17,1,3,1,13.0,4,0,3,0,0,0,0,3.1,1.0
124,15,0,0,2,3.0,1,1,2,1,0,1,0,3.5,1.0
125,18,1,0,2,9.0,14,0,4,1,0,0,0,2.59,2.0
126,16,1,1,3,5.0,1,0,3,1,0,0,0,3.54,0.0
127,15,0,2,2,18.0,10,1,1,0,1,0,0,2.82,2.0
128,18,0,1,2,1.0,12,1,1,1,1,0,0,2.02,3.0
129,18,1,0,1,18.0,22,1,3,0,0,0,0,1.37,4.0
130,18,1,0,1,17.0,9,0,1,0,0,0,0,2.1,3.0
131,15,1,0,3,6.0,2,0,3,0,0,0,0,3.03,1.0
132,15,0,2,1,16.0,4,1,2,0,1,0,0,3.58,0.0
133,15,1,0,1,1.0,2,0,1,1,0,0,0,2.43,3.0
134,17,0,0,2,19.0,5,1,2,1,0,0,0,3.16,1.0
135,15,0,3,1,11.0,12,0,2,1,0,0,0,2.12,3.0
136,15,1,0,4,6.0,9,0,3,0,1,0,0,2.2,3.0
137,15,0,3,2,7.0,18,0,0,1,0,1,1,1.18,4.0
138,17,1,1,2,1.0,7,0,3,1,0,0,0,2.74,2.0
139,15,1,2,3,20.0,17,1,3,0,0,0,0,2.24,3.0
140,18,1,0,0,1.0,2,0,3,1,0,0,0,3.14,1.0
141,15,1,0,1,13.0,23,1,0,1,1,0,0,1.05,4.0
142,18,1,2,2,9.0,23,1,3,0,0,0,0,0.82,4.0
143,18,0,2,1,19.0,16,0,2,1,0,1,0,2.03,3.0
144,18,0,2,2,5.0,7,1,2,1,1,0,0,2.43,3.0
145,17,1,0,3,11.0,9,0,3,1,0,0,0,2.66,2.0
146,17,1,2,2,10.0,1,1,2,1,0,0,1,3.59,0.0
147,17,0,2,1,14.0,11,0,3,0,1,0,0,2.31,3.0
148,15,0,1,4,1.0,22,0,1,1,1,0,1,1.01,4.0
149,18,0,2,2,4.0,5,0,3,1,0,0,0,2.88,2.0
150,17,0,2,2,4.0,1,0,1,0,1,1,0,2.8,2.0
151,17,1,1,1,15.0,20,1,3,0,1,0,0,1.76,4.0
152,15,1,0,3,4.0,22,0,4,1,0,0,1,1.12,4.0
153,17,0,0,2,11.0,23,0,2,0,0,0,0,1.03,4.0
154,15,1,0,2,4.0,2,0,2,1,0,0,0,3.08,1.0
155,16,0,0,3,17.0,16,1,3,1,1,0,0,2.63,2.0
156,17,1,0,1,19.0,28,0,0,0,1,1,1,0.5,4.0
157,16,0,0,2,10.0,6,0,2,0,0,0,0,2.78,2.0
158,15,1,0,3,7.0,28,0,2,0,0,0,0,0.25,4.0
159,18,0,0,1,5.0,20,0,3,0,0,0,1,1.19,4.0
160,17,0,2,2,1.0,4,1,3,1,0,0,1,3.38,1.0
161,15,1,3,3,5.0,22,1,3,0,0,0,0,1.29,4.0
162,18,0,0,2,13.0,0,1,3,0,0,1,1,3.72,0.0
163,18,1,3,2,11.0,7,0,3,1,0,0,0,2.67,2.0
164,16,1,1,3,19.0,11,1,2,1,0,0,0,2.37,3.0
165,15,0,0,3,8.0,13,0,2,0,1,0,0,1.62,4.0
166,18,1,0,1,14.0,15,1,2,1,1,0,0,2.54,2.0
167,17,1,1,0,10.0,9,0,4,0,1,0,0,2.3,3.0
168,17,1,2,2,10.0,14,0,3,1,0,0,0,2.26,3.0
169,16,1,2,2,5.0,20,0,2,0,1,0,0,1.32,4.0
170,18,1,0,2,9.0,23,0,3,0,1,0,0,0.95,4.0
171,15,0,0,2,9.0,25,0,2,1,0,0,1,0.82,4.0
172,17,1,0,1,14.0,14,1,3,0,0,0,0,2.34,3.0
173,18,1,0,2,19.0,9,0,2,0,1,0,0,2.68,2.0
174,18,1,0,1,7.0,20,1,1,1,0,0,0,1.54,4.0
175,16,1,0,2,1.0,27,0,3,1,0,0,0,0.2,4.0
176,17,1,2,2,10.0,6,0,3,0,0,0,0,2.75,2.0
177,17,0,3,1,11.0,25,1,2,1,0,1,0,1.1,4.0
178,15,1,0,1,3.0,2,0,2,1,0,0,0,2.55,2.0
179,17,0,3,2,15.0,1,0,3,1,0,0,1,3.27,1.0
180,15,0,0,2,20.0,5,1,3,0,0,0,0,3.19,1.0
181,17,0,0,1,19.0,20,0,3,1,0,0,0,1.72,4.0
182,16,0,0,4,4.0,8,0,2,1,1,0,0,2.34,3.0
183,17,1,1,2,18.0,9,1,4,1,1,0,0,3.27,1.0
184,15,0,3,4,14.0,3,0,3,0,0,0,0,2.99,2.0
185,15,0,1,2,9.0,26,1,3,1,0,0,0,0.9,4.0
186,16,1,0,2,11.0,2,0,3,0,0,0,0,2.96,2.0
187,17,1,1,3,17.0,8,0,1,1,0,0,0,2.67,2.0
188,17,1,0,2,10.0,23,0,0,1,1,0,0,1.22,4.0
189,16,0,2,2,7.0,21,1,3,0,0,0,0,1.37,4.0
190,17,1,1,1,10.0,16,0,2,0,0,0,1,1.52,4.0
191,17,1,0,2,12.0,13,1,3,0,0,0,0,2.23,3.0
192,15,0,1,1,4.0,9,0,2,1,0,0,0,2.14,3.0
193,17,1,1,1,18.0,12,0,2,0,0,0,0,2.26,3.0
194,17,1,0,0,13.0,11,1,1,1,0,1,0,2.75,2.0
195,16,1,1,0,13.0,26,0,3,1,1,0,0,0.9,4.0
196,16,1,0,4,2.0,0,0,1,1,0,0,1,3.12,1.0
197,18,0,2,1,12.0,27,0,3,1,0,1,0,1.29,4.0
198,15,1,2,2,2.0,21,0,2,0,0,0,0,0.57,4.0
199,17,1,2,3,2.0,28,0,3,1,0,0,0,0.58,4.0
200,17,0,1,2,11.0,18,0,1,0,0,1,0,1.64,4.0
201,18,1,1,1,8.0,18,0,1,0,0,0,0,1.23,4.0
202,17,0,0,2,12.0,5,0,3,0,1,0,1,2.97,2.0
203,15,1,2,2,2.0,12,0,2,1,0,0,0,2.01,3.0
204,18,0,0,2,9.0,18,0,1,1,0,0,0,1.15,4.0
205,15,0,0,2,3.0,12,1,4,0,0,0,0,2.19,3.0
206,18,0,0,4,20.0,26,1,1,1,0,0,0,0.95,4.0
207,18,0,0,2,11.0,25,0,2,1,0,0,0,0.57,4.0
208,16,1,1,1,14.0,21,0,1,0,0,0,0,0.97,4.0
209,15,0,0,2,7.0,20,1,2,1,0,1,1,1.66,4.0
210,17,1,2,0,2.0,3,0,2,0,0,1,0,2.84,2.0
211,17,0,0,3,20.0,23,0,1,0,0,1,1,0.19,4.0
212,15,0,0,1,6.0,1,0,3,1,0,0,0,3.26,1.0
213,17,0,1,1,8.0,14,1,2,0,0,0,0,1.92,4.0
214,17,1,0,3,13.0,11,0,3,0,0,0,0,2.02,3.0
215,15,0,0,2,0.0,29,1,1,1,0,0,0,0.13,4.0
216,18,1,2,1,16.0,26,1,2,1,0,0,0,1.29,4.0
217,15,1,0,2,11.0,6,0,0,1,0,1,0,2.59,2.0
218,18,1,2,3,6.0,19,1,3,0,0,0,0,1.46,4.0
219,17,1,0,1,1.0,17,0,3,0,0,0,0,1.47,4.0
220,17,1,0,3,3.0,22,0,3,1,1,0,1,1.71,4.0
221,17,1,2,0,18.0,12,0,2,0,1,0,1,2.29,3.0
222,16,1,0,2,14.0,16,0,3,0,0,1,0,1.96,4.0
223,18,1,0,3,5.0,3,0,3,0,0,0,0,2.62,2.0
224,16,1,0,1,1.0,24,0,0,1,0,0,0,0.77,4.0
225,16,0,0,2,14.0,13,0,1,0,0,1,0,1.81,4.0
226,15,0,2,1,11.0,19,0,2,0,0,0,0,0.88,4.0
227,16,0,0,2,8.0,27,0,3,0,1,0,0,0.82,4.0
228,15,0,2,2,7.0,12,1,0,0,0,0,0,1.45,4.0
229,15,0,2,2,4.0,2,0,3,0,1,0,0,3.34,1.0
230,16,1,0,1,13.0,25,0,2,0,0,0,0,0.82,4.0
231,18,1,3,1,19.0,25,0,2,0,0,0,0,0.68,4.0
232,18,1,0,0,4.0,17,0,1,0,1,0,1,1.39,4.0
233,18,1,3,1,12.0,13,0,2,0,1,0,1,1.99,4.0
234,18,1,0,2,8.0,14,0,0,0,1,0,0,1.64,4.0
235,18,1,1,3,9.0,2,0,0,0,1,0,0,2.51,2.0
236,16,1,0,2,5.0,0,0,3,0,0,1,0,2.98,2.0
237,16,0,0,2,17.0,25,1,2,0,0,1,0,1.26,4.0
238,17,0,1,4,10.0,23,1,2,0,0,0,0,1.42,4.0
239,18,0,2,2,11.0,16,0,1,1,0,1,0,1.6,4.0
240,16,0,0,3,6.0,2,1,2,0,1,0,0,3.09,1.0
241,17,1,0,2,4.0,13,0,0,1,1,0,0,1.64,4.0
242,18,1,2,1,2.0,2,0,2,0,1,0,0,2.59,2.0
243,15,1,1,0,14.0,12,1,2,0,0,0,0,2.39,3.0
244,17,0,3,2,4.0,14,0,2,1,0,0,0,1.9,4.0
245,16,1,2,1,14.0,17,0,4,0,1,0,0,2.11,3.0
246,15,1,3,1,8.0,13,0,2,0,0,0,0,1.7,4.0
247,15,1,2,2,8.0,20,0,2,1,0,0,0,1.04,4.0
248,15,0,0,2,9.0,25,0,2,0,1,0,0,1.19,4.0
249,17,1,0,2,7.0,2,0,1,0,0,1,0,2.65,2.0
250,16,0,2,1,2.0,18,0,3,0,1,0,0,1.23,4.0
251,15,0,1,1,6.0,7,0,2,1,0,0,0,2.13,3.0
252,18,0,0,2,13.0,3,1,1,1,0,0,0,2.91,2.0
253,15,0,0,4,13.0,3,0,3,0,0,0,1,3.12,1.0
254,15,1,3,2,6.0,18,1,0,0,0,0,0,1.04,4.0
255,17,0,1,3,9.0,10,0,4,1,0,0,1,2.4,3.0
256,17,0,0,2,4.0,0,1,3,0,0,0,0,3.16,1.0
257,16,1,0,2,4.0,7,1,2,0,1,1,0,2.72,2.0
258,18,1,0,1,0.0,14,0,1,1,1,0,0,1.53,4.0
259,17,0,0,2,18.0,0,0,1,0,0,0,0,3.47,1.0
260,15,1,0,2,4.0,6,0,1,1,0,0,0,2.3,3.0
261,16,0,0,2,5.0,20,1,1,1,0,0,0,1.27,4.0
262,15,0,2,2,6.0,19,0,2,1,1,0,1,1.48,4.0
263,15,0,0,2,3.0,19,0,4,0,0,1,1,1.45,4.0
264,17,0,2,1,13.0,23,0,2,0,0,0,0,0.81,4.0
265,16,1,2,2,2.0,10,1,3,0,0,0,0,2.15,3.0
266,18,0,0,1,3.0,26,0,3,0,0,0,0,0.56,4.0
267,18,1,1,3,13.0,28,0,3,0,0,0,0,0.58,4.0
268,17,1,0,1,7.0,13,0,0,0,1,1,1,1.6,4.0
269,17,1,2,0,14.0,21,1,2,0,1,0,0,1.0,4.0
270,16,1,0,2,11.0,15,0,3,0,0,0,0,1.66,4.0
271,18,0,1,2,5.0,13,0,3,0,0,0,1,1.53,4.0
272,18,1,1,2,13.0,11,0,4,0,0,0,0,2.21,3.0
273,18,0,0,1,2.0,16,0,3,0,0,0,1,1.16,4.0
274,15,1,0,2,11.0,13,1,1,0,0,0,0,2.15,3.0
275,18,1,1,1,9.0,9,0,2,1,0,0,1,2.59,2.0
276,15,0,2,3,5.0,23,0,0,1,1,0,0,0.91,4.0
277,16,0,0,3,12.0,28,1,3,0,0,0,0,0.7,4.0
278,15,0,1,2,17.0,13,1,2,0,0,0,0,2.14,3.0
279,16,1,0,1,20.0,17,0,3,0,0,0,0,1.55,4.0
280,18,1,2,2,12.0,21,0,4,0,0,0,1,1.55,4.0
281,18,0,0,0,8.0,8,1,3,0,0,1,0,2.97,2.0
282,16,0,2,2,5.0,16,0,2,1,0,0,1,1.63,4.0
283,17,0,0,1,5.0,5,1,1,0,0,0,0,2.33,3.0
284,16,0,0,3,10.0,7,1,3,1,1,1,0,3.27,1.0
285,17,1,0,0,7.0,25,0,1,0,0,0,0,0.35,4.0
286,15,0,0,2,18.0,12,1,1,0,0,0,0,1.89,4.0
287,15,0,1,2,7.0,17,0,1,0,0,0,0,1.46,4.0
288,15,0,0,2,7.0,4,0,2,1,0,0,0,2.55,2.0
289,18,0,2,0,8.0,5,0,1,0,0,0,0,2.22,3.0
290,15,1,0,4,17.0,20,1,4,0,1,1,0,1.85,4.0
291,17,0,0,2,13.0,18,0,4,1,0,0,0,1.85,4.0
292,15,1,0,2,12.0,3,0,4,0,0,1,0,3.27,1.0
293,16,0,0,1,7.0,6,1,0,0,0,0,1,2.55,2.0
294,16,0,0,2,16.0,3,0,4,0,0,0,0,3.1,1.0
295,18,1,0,2,1.0,24,0,4,0,0,1,0,0.66,4.0
296,16,0,0,0,17.0,10,1,4,0,1,0,0,3.09,1.0
297,17,1,0,1,10.0,11,1,3,0,0,0,0,1.99,4.0
298,15,1,1,3,8.0,13,1,3,0,1,0,0,2.61,2.0
299,18,0,1,1,10.0,12,1,1,0,0,0,0,1.73,4.0
300,15,1,0,1,13.0,28,0,3,1,0,0,0,1.11,4.0
301,15,1,0,2,0.0,9,0,0,1,0,0,0,1.65,4.0
302,17,1,3,2,17.0,17,0,2,0,0,0,0,1.34,4.0
303,16,1,1,0,9.0,15,0,4,0,0,0,0,1.98,4.0
304,16,1,1,2,7.0,4,0,2,0,1,1,0,3.06,1.0
305,15,1,0,1,3.0,7,1,1,0,0,0,0,2.39,3.0
306,18,1,2,0,9.0,13,0,4,0,0,0,0,2.08,3.0
307,16,1,2,0,10.0,4,0,4,0,1,0,1,3.65,0.0
308,18,0,1,3,8.0,25,0,1,1,0,0,0,0.32,4.0
309,16,0,3,1,14.0,27,0,3,0,1,0,0,1.13,4.0
310,18,1,0,0,8.0,23,0,2,1,0,0,0,0.63,4.0
311,17,0,0,2,19.0,7,0,2,0,0,1,1,3.16,1.0
312,18,1,2,3,12.0,24,0,1,0,0,0,0,0.68,4.0
313,17,1,2,1,16.0,25,0,0,0,0,0,0,0.8,4.0
314,17,0,0,2,2.0,5,1,1,0,1,0,0,2.84,2.0
315,18,1,0,0,8.0,15,1,0,0,1,0,0,1.25,4.0
316,17,1,0,2,7.0,27,0,4,0,0,0,0,0.53,4.0
317,15,1,0,2,11.0,3,1,3,1,0,0,0,3.19,1.0
318,17,1,2,2,17.0,11,0,3,0,0,1,0,2.82,2.0
319,16,0,1,1,2.0,10,0,3,0,0,0,0,2.16,3.0
320,18,1,0,1,1.0,2,0,1,1,0,0,0,2.72,2.0
321,15,1,0,1,17.0,11,0,4,1,0,0,0,2.63,2.0
322,18,1,0,1,4.0,29,1,3,1,1,0,0,0.91,4.0
323,16,0,0,0,13.0,4,0,2,0,0,0,0,2.61,2.0
324,16,1,1,2,11.0,5,1,1,0,1,0,0,2.98,2.0
325,16,0,3,4,17.0,18,0,3,0,0,0,0,1.63,4.0
326,17,0,2,4,3.0,17,0,3,0,1,0,0,1.36,4.0
327,17,1,0,3,3.0,15,1,3,0,0,0,0,1.92,4.0
328,18,1,2,2,11.0,22,0,0,0,0,0,0,1.01,4.0
329,18,0,2,2,19.0,10,0,1,1,1,0,0,2.33,3.0
330,15,1,2,1,8.0,4,0,2,1,1,1,0,3.39,1.0
331,15,0,0,2,7.0,8,0,3,0,1,0,0,2.38,3.0
332,18,0,0,2,12.0,2,0,0,0,0,0,0,2.78,2.0
333,17,1,0,2,19.0,29,0,2,0,1,0,1,0.53,4.0
334,16,1,0,2,17.0,7,0,2,0,0,0,0,2.54,2.0
335,18,0,0,1,20.0,5,0,3,0,0,0,0,3.01,1.0
336,15,0,0,1,0.0,3,0,2,1,0,0,0,2.99,2.0
337,17,0,0,3,2.0,11,0,2,0,1,0,0,1.95,4.0
338,18,0,2,0,12.0,11,0,3,0,0,0,0,2.15,3.0
339,18,1,0,2,16.0,24,0,4,0,0,0,1,1.18,4.0
340,17,1,0,3,6.0,20,0,1,1,0,0,0,1.4,4.0
341,18,1,3,2,5.0,15,0,1,1,0,1,0,1.76,4.0
342,17,1,3,2,16.0,9,0,4,1,0,1,0,2.9,2.0
343,16,1,2,1,1.0,21,0,2,0,0,0,0,1.03,4.0
344,17,0,3,1,7.0,13,0,3,0,0,0,1,1.91,4.0
345,17,1,1,3,10.0,12,0,3,0,0,0,0,1.88,4.0
346,17,1,3,2,11.0,8,0,1,0,1,1,0,2.61,2.0
347,18,1,0,2,15.0,6,0,3,1,0,1,0,3.11,1.0
348,18,1,0,0,7.0,11,0,3,0,0,0,0,1.39,4.0
349,17,1,0,0,12.0,4,0,2,0,0,0,0,2.83,2.0
350,18,0,0,4,12.0,17,0,0,0,0,1,0,1.09,4.0
351,15,0,0,1,11.0,3,0,4,0,0,0,0,2.87,2.0
352,15,0,1,2,13.0,1,0,2,0,1,0,0,2.9,2.0
353,18,1,2,0,5.0,2,1,3,0,0,0,0,3.18,1.0
354,18,0,1,2,2.0,25,0,3,0,0,0,0,0.47,4.0
355,17,0,0,3,2.0,11,1,2,0,0,0,0,2.21,3.0
356,16,1,2,2,4.0,2,1,3,1,1,0,0,3.38,1.0
357,18,1,1,1,10.0,3,0,4,0,1,0,0,3.2,1.0
358,15,1,0,2,17.0,5,0,2,0,0,1,0,3.35,1.0
359,17,0,1,2,14.0,11,0,2,0,0,0,0,1.73,4.0
360,18,0,0,2,16.0,18,0,4,1,0,0,0,2.22,3.0
361,15,1,0,3,7.0,9,0,1,1,0,0,1,2.0,3.0
362,15,1,3,2,8.0,29,1,0,0,0,0,0,0.72,4.0
363,16,0,0,3,8.0,0,1,4,0,0,1,0,3.88,0.0
364,17,0,0,2,4.0,16,0,3,1,0,1,0,1.69,4.0
365,17,1,2,1,1.0,15,0,4,1,1,0,1,1.76,4.0
366,16,1,2,1,12.0,8,0,0,0,0,0,0,2.14,3.0
367,16,0,0,1,20.0,24,1,1,0,1,0,0,0.91,4.0
368,17,1,0,3,3.0,20,1,1,0,0,0,0,1.14,4.0
369,17,0,0,2,1.0,8,1,3,1,0,0,1,2.35,3.0
370,18,0,1,2,16.0,26,0,3,0,0,0,0,0.62,4.0
371,18,0,0,1,5.0,22,0,2,0,0,1,0,0.34,4.0
372,16,0,0,1,17.0,8,0,0,0,0,0,0,2.22,3.0
373,18,1,3,2,14.0,11,0,3,0,0,0,1,2.33,3.0
374,15,1,1,2,19.0,22,1,2,1,0,0,0,1.62,4.0
375,18,0,0,1,8.0,8,1,1,1,0,0,0,2.2,3.0
376,18,0,1,2,13.0,14,0,4,0,1,0,0,2.58,2.0
377,15,0,1,0,9.0,1,0,1,1,0,0,0,3.0,2.0
378,16,0,0,1,13.0,10,0,3,0,0,1,0,2.37,3.0
379,15,0,0,2,9.0,10,1,3,1,0,0,0,2.83,2.0
380,18,1,2,1,4.0,7,0,2,1,1,0,1,2.53,2.0
381,16,1,0,4,10.0,22,0,1,1,0,0,0,1.04,4.0
382,18,1,1,1,11.0,5,0,2,1,0,0,1,2.66,2.0
383,15,1,0,1,16.0,20,0,3,0,0,0,0,1.6,4.0
384,15,0,0,1,15.0,19,1,1,1,0,0,0,1.8,4.0
385,18,0,0,2,13.0,6,0,3,0,0,0,0,2.66,2.0
386,17,0,0,2,2.0,2,0,4,0,0,0,0,3.0,2.0
387,17,0,0,2,14.0,7,0,4,0,0,1,0,2.98,2.0
388,15,0,0,0,10.0,17,0,2,0,0,0,0,1.38,4.0
389,15,1,2,0,18.0,16,0,3,1,0,0,1,1.85,4.0
390,17,0,3,2,18.0,10,0,4,0,0,0,0,2.44,3.0
391,17,1,2,3,1.0,1,0,2,1,0,0,0,2.86,2.0
392,18,1,2,3,16.0,24,1,1,1,0,0,0,1.21,4.0
393,18,1,0,0,1.0,20,0,1,1,1,0,0,0.9,4.0
394,17,1,3,2,7.0,26,0,1,0,0,0,0,0.27,4.0
395,18,0,0,3,11.0,23,0,3,0,0,1,0,0.67,4.0
396,18,1,3,1,3.0,18,0,2,0,0,0,0,1.09,4.0
397,16,1,3,3,15.0,6,0,3,0,0,0,0,2.81,2.0
398,18,1,2,1,0.0,17,1,3,1,0,0,1,1.87,4.0
399,15,0,3,3,3.0,7,0,3,1,1,0,0,3.04,1.0
400,18,0,1,2,12.0,13,0,3,0,0,0,1,2.14,3.0
401,18,0,0,3,14.0,6,0,0,1,0,1,0,3.04,1.0
402,17,1,0,2,18.0,27,0,3,0,1,0,0,0.99,4.0
403,15,1,1,1,14.0,20,0,2,0,0,0,0,1.23,4.0
404,18,0,0,3,13.0,27,0,2,0,1,0,0,0.86,4.0
405,18,1,1,1,8.0,26,0,0,0,0,0,0,0.12,4.0
406,16,0,3,1,0.0,3,0,4,1,0,0,0,2.93,2.0
407,18,0,0,2,2.0,16,0,4,1,0,0,0,2.05,3.0
408,18,1,2,2,11.0,4,0,2,1,0,0,0,3.07,1.0
409,16,1,3,3,14.0,11,0,2,0,1,0,0,2.44,3.0
410,17,1,3,1,8.0,8,0,3,0,1,0,0,2.43,3.0
411,18,1,3,2,15.0,25,0,1,0,0,0,0,0.78,4.0
412,16,0,1,2,10.0,19,1,1,1,1,1,0,1.88,4.0
413,15,0,3,0,1.0,12,0,3,0,0,0,0,1.6,4.0
414,17,0,2,1,4.0,24,0,1,0,1,0,0,0.7,4.0
415,15,0,0,1,17.0,27,0,2,1,1,0,0,0.76,4.0
416,15,0,0,1,14.0,17,1,2,1,0,0,0,1.5,4.0
417,16,1,2,4,18.0,19,1,2,1,0,0,0,1.53,4.0
418,18,0,0,2,2.0,8,0,1,1,1,0,0,2.27,3.0
419,16,0,1,2,20.0,3,0,2,0,0,0,0,3.4,1.0
420,16,0,1,4,4.0,20,1,2,0,1,0,0,1.44,4.0
421,16,1,0,1,0.0,26,0,2,0,0,1,0,0.34,4.0
422,16,1,1,3,20.0,7,0,3,0,0,0,0,3.11,1.0
423,17,1,2,2,6.0,0,1,4,0,0,1,0,3.77,0.0
424,18,1,0,3,13.0,16,0,1,0,0,0,0,1.66,4.0
425,15,0,0,1,4.0,24,0,3,1,0,0,1,1.05,4.0
426,15,0,0,3,12.0,8,1,1,0,0,1,0,2.54,2.0
427,18,1,0,1,18.0,19,0,2,0,0,0,1,1.4,4.0
428,15,1,3,1,6.0,12,0,2,1,1,0,0,2.03,3.0
429,18,0,0,2,13.0,1,0,2,0,0,0,0,3.27,1.0
430,15,0,1,1,4.0,12,0,3,1,1,0,0,2.02,3.0
431,16,1,0,2,12.0,8,0,2,1,0,0,0,2.4,3.0
432,15,1,0,2,7.0,29,0,2,1,0,0,0,0.29,4.0
433,18,1,2,2,4.0,19,0,3,0,1,1,0,1.55,4.0
434,18,1,2,1,6.0,5,1,1,1,0,0,0,2.91,2.0
435,18,0,0,0,4.0,27,0,1,0,1,0,0,0.25,4.0
436,18,0,0,1,18.0,0,1,0,1,0,0,0,3.42,1.0
437,18,0,0,2,8.0,27,1,1,0,0,0,0,0.58,4.0
438,17,1,0,1,5.0,24,0,2,0,1,0,0,0.93,4.0
439,17,1,1,1,9.0,4,0,2,1,0,1,0,2.68,2.0
440,15,0,0,1,6.0,2,1,1,0,0,0,1,3.11,1.0
441,18,0,0,0,15.0,3,0,0,1,0,0,1,2.78,2.0
442,15,0,0,2,19.0,0,0,3,0,1,1,1,4.0,0.0
443,18,0,3,3,9.0,13,0,3,1,1,1,0,2.33,3.0
444,18,1,3,1,17.0,8,1,4,1,0,0,0,3.07,1.0
445,17,0,0,2,11.0,29,0,4,0,1,0,0,0.87,4.0
446,17,0,2,2,3.0,23,0,4,0,1,0,1,1.52,4.0
447,16,0,0,2,14.0,3,0,3,1,1,1,1,3.29,1.0
448,17,0,0,2,10.0,17,1,3,1,0,0,0,2.18,3.0
449,16,0,2,2,13.0,13,0,1,0,0,0,0,1.85,4.0
450,16,0,3,2,18.0,24,0,3,1,1,0,1,1.48,4.0
451,16,0,3,0,9.0,3,0,0,0,0,0,0,2.88,2.0
452,16,1,1,2,18.0,24,0,3,0,1,1,0,1.06,4.0
453,16,1,0,2,15.0,9,0,2,0,0,0,1,2.57,2.0
454,15,1,2,0,10.0,2,0,3,1,0,1,0,3.59,0.0
455,17,1,0,1,12.0,22,0,0,1,1,0,1,1.3,4.0
456,16,0,1,4,7.0,6,1,2,0,1,1,0,3.21,1.0
457,18,1,0,2,20.0,9,0,2,0,0,0,0,2.54,2.0
458,17,1,1,2,13.0,12,0,1,1,0,0,0,1.99,4.0
459,17,0,0,3,1.0,3,1,2,0,1,1,0,3.0,1.0
460,16,0,0,2,7.0,17,0,0,1,1,0,0,1.51,4.0
461,15,1,3,2,12.0,10,0,2,0,0,0,1,2.17,3.0
462,16,1,0,2,1.0,24,1,2,0,0,0,1,0.64,4.0
463,15,0,1,3,0.0,3,0,3,0,1,0,0,2.75,2.0
464,18,1,0,2,9.0,23,0,2,1,0,1,0,1.04,4.0
465,17,0,0,2,7.0,13,0,2,1,1,0,0,2.26,3.0
466,18,0,0,1,9.0,17,0,4,0,0,0,0,1.67,4.0
467,15,0,0,4,5.0,7,0,2,0,0,0,0,2.5,3.0
468,15,0,2,2,3.0,26,1,2,0,0,0,0,0.28,4.0
469,18,1,0,0,14.0,9,0,2,1,0,0,0,2.64,2.0
470,15,0,3,3,10.0,4,0,3,1,1,0,1,3.06,1.0
471,18,0,1,2,4.0,22,0,2,1,1,0,0,1.36,4.0
472,17,1,0,0,6.0,6,1,2,1,0,1,0,3.24,1.0
473,18,0,1,2,12.0,11,1,3,1,1,0,0,2.57,2.0
474,17,1,1,2,1.0,24,0,0,0,0,0,0,0.0,4.0
475,18,1,2,3,3.0,2,1,3,0,1,0,1,3.14,1.0
476,15,1,0,1,1.0,25,1,2,1,0,0,0,1.05,4.0
477,18,0,0,3,16.0,3,0,2,0,0,0,1,2.87,2.0
478,15,1,2,2,15.0,9,0,3,0,0,0,0,2.64,2.0
479,18,1,3,0,15.0,3,0,1,0,0,0,0,2.67,2.0
480,18,0,2,4,14.0,14,1,3,0,1,1,0,2.79,2.0
481,16,1,0,2,13.0,28,1,4,0,0,0,1,1.19,4.0
482,15,1,2,1,10.0,9,0,2,0,0,0,0,2.52,2.0
483,16,1,0,2,13.0,20,0,4,0,0,1,0,1.6,4.0
484,15,1,0,3,1.0,29,0,0,0,0,0,0,0.0,4.0
485,16,1,0,1,12.0,21,1,3,0,0,1,0,1.6,4.0
486,17,0,1,1,16.0,15,1,2,1,0,0,0,2.22,3.0
487,18,1,0,1,10.0,14,0,2,0,0,0,1,1.62,4.0
488,15,1,0,1,7.0,18,0,1,1,1,0,1,1.68,4.0
489,15,0,2,2,6.0,28,0,2,1,0,0,0,0.21,4.0
490,18,0,0,2,13.0,19,1,1,1,0,0,0,1.56,4.0
491,15,0,0,1,14.0,18,0,4,1,1,0,0,2.15,3.0
492,15,1,0,1,17.0,17,0,3,0,1,0,0,2.07,3.0
493,16,0,3,1,7.0,25,1,1,0,1,0,0,0.57,4.0
494,15,1,1,3,15.0,11,0,1,1,0,0,0,2.16,3.0
495,17,1,0,1,11.0,24,1,3,0,0,1,0,1.29,4.0
496,17,0,2,4,18.0,15,0,2,0,1,1,0,2.34,3.0
497,18,0,2,2,11.0,0,0,1,0,0,0,0,2.92,2.0
498,15,1,0,1,10.0,15,1,2,1,0,1,0,2.19,3.0
499,18,0,1,3,12.0,1,0,2,0,0,0,0,3.07,1.0
500,17,1,2,2,15.0,23,0,1,0,0,0,0,1.01,4.0
501,15,0,1,2,19.0,14,0,3,1,1,0,0,2.12,3.0
502,15,0,0,4,1.0,6,0,3,1,0,0,0,2.62,2.0
503,18,0,2,0,1.0,27,0,0,0,1,1,0,0.42,4.0
504,17,1,1,0,19.0,0,1,4,1,0,0,0,3.95,0.0
505,15,0,0,2,11.0,4,1,2,0,1,0,0,3.02,1.0
506,18,1,0,1,12.0,9,1,1,1,0,0,0,2.81,2.0
507,17,1,0,1,10.0,21,0,1,0,0,0,0,0.77,4.0
508,18,1,0,0,2.0,20,1,1,0,0,0,0,0.89,4.0
509,16,1,2,0,15.0,3,1,2,1,1,0,0,3.67,0.0
510,15,0,0,2,15.0,13,0,1,0,1,0,0,1.4,4.0
511,16,1,0,1,6.0,12,0,2,0,0,0,1,1.42,4.0
512,17,1,1,2,6.0,0,0,1,1,0,0,1,3.15,1.0
513,16,0,0,2,17.0,15,1,3,0,1,0,1,2.35,3.0
514,16,1,3,2,1.0,22,0,3,1,1,0,0,1.16,4.0
515,17,0,0,0,18.0,8,1,2,0,0,0,0,2.65,2.0
516,18,1,0,2,5.0,21,0,3,0,1,1,0,1.3,4.0
517,16,0,0,0,12.0,15,1,4,1,0,0,0,2.64,2.0
518,18,1,0,2,19.0,18,0,3,0,0,0,0,1.74,4.0
519,16,0,0,3,14.0,14,0,2,0,0,0,0,2.02,3.0
520,18,1,2,2,8.0,25,0,2,0,1,0,0,0.72,4.0
521,17,1,3,2,14.0,13,0,3,1,0,0,0,2.27,3.0
522,16,0,0,2,7.0,19,1,1,0,0,0,0,1.27,4.0
523,17,0,1,1,6.0,9,1,2,0,1,0,0,2.62,2.0
524,16,0,2,3,20.0,20,0,2,0,0,0,0,1.23,4.0
525,17,0,2,3,15.0,11,0,3,0,1,0,1,2.5,3.0
526,17,1,0,1,13.0,27,0,3,0,1,0,0,0.7,4.0
527,16,1,0,2,7.0,0,0,2,1,1,1,0,3.86,0.0
528,16,0,0,3,1.0,20,0,1,1,0,1,0,0.68,4.0
529,16,1,2,4,1.0,16,1,4,0,0,0,0,1.89,4.0
530,15,0,2,2,11.0,8,1,0,0,1,0,0,2.33,3.0
531,18,0,0,2,15.0,22,0,0,1,0,1,0,0.88,4.0
532,15,1,0,1,11.0,18,0,2,0,0,1,0,1.41,4.0
533,15,1,3,4,17.0,24,0,3,0,1,1,1,1.66,4.0
534,17,1,2,1,1.0,17,0,3,1,0,0,0,1.34,4.0
535,16,1,3,2,7.0,27,0,4,1,1,0,0,0.66,4.0
536,18,1,2,1,5.0,6,0,1,0,0,1,0,2.15,3.0
537,17,1,0,1,9.0,8,0,2,0,0,1,0,2.44,3.0
538,15,1,1,2,1.0,21,0,1,0,0,0,0,0.27,4.0
539,16,0,1,4,19.0,25,0,3,0,0,1,0,1.32,4.0
540,17,0,0,0,4.0,20,0,2,1,0,0,0,0.82,4.0
541,16,0,1,2,18.0,11,0,0,0,1,0,0,2.06,3.0
542,17,0,2,0,9.0,6,1,3,1,0,0,0,3.22,1.0
543,16,0,0,1,20.0,13,1,2,0,0,0,0,2.24,3.0
544,15,1,2,2,11.0,14,1,2,0,1,0,0,1.91,4.0
545,18,0,1,2,19.0,14,0,3,0,0,1,0,2.24,3.0
546,15,0,3,1,0.0,5,0,1,1,0,0,0,2.25,3.0
547,18,0,0,1,15.0,20,0,1,1,1,1,0,1.89,4.0
548,16,0,0,0,18.0,13,0,1,0,0,1,0,2.21,3.0
549,17,0,1,1,3.0,1,1,2,0,1,0,0,3.34,1.0
550,15,0,0,4,2.0,7,0,1,1,1,0,0,2.41,3.0
551,18,0,2,3,8.0,12,0,3,0,1,0,0,2.16,3.0
552,15,1,2,1,19.0,22,0,1,0,1,0,0,1.17,4.0
553,18,1,0,2,11.0,5,0,4,0,0,0,0,2.58,2.0
554,15,0,1,3,11.0,4,1,1,0,1,0,0,3.02,1.0
555,18,1,1,0,3.0,4,0,1,1,1,0,1,2.58,2.0
556,18,1,0,3,0.0,24,0,1,0,0,0,0,0.23,4.0
557,16,1,3,3,16.0,0,0,3,1,0,0,0,3.65,0.0
558,18,1,2,0,2.0,8,1,2,1,1,0,0,2.61,2.0
559,16,0,1,1,13.0,5,0,3,1,0,1,0,3.37,1.0
560,18,1,2,4,18.0,19,0,3,0,1,0,0,1.58,4.0
561,17,1,0,2,4.0,25,0,4,0,0,1,0,0.78,4.0
562,17,1,3,0,13.0,29,1,3,0,0,1,0,0.78,4.0
563,17,0,1,1,2.0,6,0,0,0,0,1,0,2.33,3.0
564,18,0,2,2,12.0,8,0,3,1,0,0,0,2.72,2.0
565,16,0,2,2,3.0,4,1,4,1,0,0,0,3.24,1.0
566,16,0,0,2,15.0,13,1,4,1,0,0,0,2.87,2.0
567,18,0,2,4,6.0,4,0,1,0,0,0,0,2.33,3.0
568,17,0,0,1,9.0,7,1,3,0,1,1,0,3.3,1.0
569,17,0,0,2,12.0,6,0,1,0,0,0,0,2.49,3.0
570,16,1,0,2,3.0,12,1,1,1,1,1,0,2.6,2.0
571,17,1,3,2,15.0,12,0,3,0,0,0,0,2.12,3.0
572,15,1,2,1,6.0,7,0,4,0,0,0,0,2.52,2.0
573,16,0,2,4,13.0,10,1,2,0,0,0,0,2.48,3.0
574,17,0,2,3,3.0,27,1,3,1,0,0,0,0.78,4.0
575,16,0,1,2,14.0,25,0,0,1,0,0,0,0.77,4.0
576,15,0,3,2,3.0,17,1,0,1,0,0,0,1.28,4.0
577,16,0,0,1,9.0,24,0,2,1,0,0,0,0.64,4.0
578,16,1,0,2,5.0,18,1,2,0,0,0,0,1.67,4.0
579,16,1,0,2,15.0,5,0,3,0,0,0,0,3.28,1.0
580,16,0,2,2,5.0,21,0,2,0,1,0,0,0.74,4.0
581,15,0,2,4,18.0,1,0,2,0,0,0,1,3.33,1.0
582,18,0,0,2,18.0,27,0,2,1,1,0,1,1.18,4.0
583,16,0,0,1,4.0,12,0,1,0,0,0,0,1.62,4.0
584,16,1,2,2,12.0,22,0,4,0,0,0,0,1.58,4.0
585,17,0,0,1,2.0,24,0,2,0,0,0,0,0.18,4.0
586,16,0,2,1,8.0,27,1,2,0,0,0,0,0.47,4.0
587,17,0,3,1,14.0,25,0,3,1,1,0,0,1.3,4.0
588,18,0,0,2,13.0,10,0,2,0,0,0,1,2.38,3.0
589,15,1,0,2,12.0,0,0,3,0,0,0,0,3.57,0.0
590,15,0,2,2,6.0,23,0,1,0,0,0,0,0.28,4.0
591,18,0,2,2,8.0,1,0,1,0,0,0,0,2.42,3.0
592,15,1,1,2,2.0,29,0,4,0,1,0,1,0.62,4.0
593,18,1,3,1,14.0,16,0,3,0,0,0,0,1.8,4.0
594,18,1,0,3,10.0,7,0,2,1,0,0,0,2.64,2.0
595,18,0,1,1,14.0,1,0,3,0,0,0,1,3.44,1.0
596,15,0,2,1,5.0,5,0,4,0,0,1,1,2.74,2.0
597,17,1,2,2,6.0,21,1,1,1,0,0,1,1.15,4.0
598,18,1,0,1,7.0,4,0,0,0,0,0,0,2.41,3.0
599,16,1,2,0,1.0,15,1,2,0,0,1,0,1.53,4.0
600,15,1,1,2,7.0,7,0,1,1,1,0,0,2.45,3.0
601,18,1,0,2,16.0,18,1,1,1,0,1,0,1.95,4.0
602,18,1,0,2,18.0,15,0,3,1,0,0,0,2.29,3.0
603,16,0,2,4,10.0,12,0,0,0,0,1,0,1.47,4.0
604,17,0,0,2,9.0,25,1,3,0,0,0,1,1.11,4.0
605,17,0,0,3,1.0,19,0,2,0,1,0,1,1.21,4.0
606,17,1,0,1,18.0,6,0,2,0,0,0,0,2.56,2.0
607,18,1,2,2,0.0,15,0,3,1,1,1,0,2.46,3.0
608,18,1,1,3,19.0,22,1,2,0,0,0,0,1.23,4.0
609,18,1,2,2,10.0,15,0,1,0,0,0,1,1.59,4.0
610,15,1,0,2,7.0,28,0,1,1,0,0,0,0.31,4.0
611,16,1,1,1,18.0,11,1,3,1,0,0,0,2.77,2.0
612,18,0,1,0,0.0,13,0,1,1,0,0,0,1.58,4.0
613,16,0,2,2,12.0,23,1,0,1,0,0,1,1.11,4.0
614,16,1,3,1,11.0,17,0,4,0,0,0,0,2.3,3.0
615,17,0,0,3,4.0,26,1,4,1,1,0,0,0.99,4.0
616,15,1,1,1,9.0,27,0,2,0,1,1,1,0.17,4.0
617,18,0,0,4,13.0,17,0,0,0,0,0,0,0.99,4.0
618,17,1,1,4,15.0,15,0,3,1,0,1,0,2.23,3.0
619,17,1,0,1,0.0,19,0,3,1,0,0,0,1.38,4.0
620,18,0,0,1,19.0,15,0,1,1,1,0,0,2.13,3.0
621,16,0,0,3,3.0,12,0,1,1,0,1,0,1.87,4.0
622,17,1,1,4,5.0,25,0,3,1,0,1,0,1.25,4.0
623,16,1,0,2,5.0,28,0,4,0,0,0,0,0.3,4.0
624,15,0,2,1,1.0,8,0,3,1,0,0,1,2.71,2.0
625,16,0,0,2,2.0,25,0,1,1,1,1,0,0.9,4.0
626,15,1,0,2,20.0,27,0,2,1,1,0,0,1.39,4.0
627,16,0,2,1,6.0,8,0,3,0,0,0,0,2.15,3.0
628,17,1,0,2,2.0,12,0,1,0,0,0,0,1.45,4.0
629,17,1,0,0,2.0,28,0,1,1,0,1,0,0.0,4.0
630,15,1,1,0,14.0,3,1,1,0,0,0,0,3.09,1.0
631,18,1,0,1,17.0,8,0,2,0,0,0,0,2.58,2.0
632,15,0,0,1,5.0,14,0,2,0,0,0,0,1.96,4.0
633,15,0,0,1,0.0,13,0,3,0,1,0,0,1.88,4.0
634,16,0,3,2,4.0,18,1,3,1,1,0,0,1.63,4.0
635,16,0,1,1,1.0,11,0,4,0,0,1,0,2.37,3.0
636,15,0,1,1,2.0,20,1,3,1,0,0,0,1.28,4.0
637,17,0,1,1,9.0,25,0,1,0,0,0,1,0.16,4.0
638,16,0,0,4,5.0,24,1,2,0,1,1,1,1.28,4.0
639,18,1,0,2,10.0,5,0,2,0,1,0,0,2.66,2.0
640,16,0,2,2,5.0,2,0,0,1,0,1,0,2.68,2.0
641,16,0,0,2,19.0,25,0,4,0,1,0,0,1.64,4.0
642,18,1,0,4,18.0,24,1,0,1,1,0,0,1.4,4.0
643,15,0,0,1,11.0,21,1,2,1,0,0,0,1.61,4.0
644,18,0,0,2,7.0,19,0,2,1,0,1,0,1.19,4.0
645,15,1,3,2,8.0,15,0,2,1,0,1,0,2.02,3.0
646,15,0,0,2,8.0,29,0,3,0,0,0,1,0.24,4.0
647,15,0,1,0,15.0,19,0,2,0,0,0,0,1.25,4.0
648,18,0,0,2,9.0,23,0,1,0,0,1,0,0.85,4.0
649,15,1,3,0,17.0,22,0,1,0,0,0,0,0.97,4.0
650,17,0,0,2,19.0,16,1,4,1,1,0,0,2.42,3.0
651,18,0,0,2,7.0,15,0,1,1,0,0,0,1.74,4.0
652,17,1,2,1,11.0,5,0,1,0,0,1,0,2.85,2.0
653,15,0,2,3,2.0,7,0,2,0,0,0,0,2.04,3.0
654,16,1,0,0,4.0,18,1,1,1,0,0,0,1.54,4.0
655,15,1,0,3,8.0,29,1,2,0,0,1,0,0.73,4.0
656,17,0,0,2,4.0,24,0,3,1,0,0,0,0.5,4.0
657,17,1,0,1,18.0,25,1,3,0,0,0,0,1.12,4.0
658,18,1,0,1,3.0,1,1,3,0,1,0,0,2.96,2.0
659,16,0,0,4,9.0,13,0,1,1,1,1,0,2.3,3.0
660,18,1,0,0,12.0,21,0,2,0,1,0,0,1.35,4.0
661,17,1,0,1,14.0,11,1,0,1,0,0,0,2.13,3.0
662,15,0,1,1,8.0,16,0,0,1,0,0,1,1.3,4.0
663,16,0,3,2,17.0,27,0,2,1,0,0,0,0.75,4.0
664,15,0,1,2,11.0,26,0,1,1,1,1,0,0.53,4.0
665,15,1,0,1,9.0,14,0,3,0,0,0,0,2.07,3.0
666,16,0,0,1,1.0,17,1,3,1,1,0,0,1.99,4.0
667,18,1,3,1,9.0,15,0,3,1,0,0,1,1.9,4.0
668,15,1,0,1,16.0,12,0,3,1,1,0,0,2.61,2.0
669,17,1,0,2,12.0,20,1,0,1,1,1,0,1.81,4.0
670,15,1,1,2,17.0,16,0,2,1,0,0,0,1.58,4.0
671,16,1,1,1,10.0,7,0,1,0,1,0,0,2.27,3.0
672,16,1,1,1,2.0,0,1,2,1,0,0,0,3.36,1.0
673,16,1,0,1,0.0,28,0,1,1,1,0,0,0.48,4.0
674,18,0,0,4,6.0,24,0,0,1,1,0,0,0.2,4.0
675,15,0,3,4,14.0,25,0,2,0,1,1,1,1.27,4.0
676,18,1,0,3,16.0,26,0,3,1,0,0,0,0.88,4.0
677,18,1,1,1,6.0,2,1,3,0,0,0,0,3.12,1.0
678,16,0,2,0,10.0,15,0,2,0,1,0,1,1.8,4.0
679,16,1,1,1,8.0,27,0,2,1,1,1,0,0.68,4.0
680,18,0,0,1,8.0,1,0,2,1,0,0,1,2.9,2.0
681,15,0,0,2,5.0,14,0,3,0,0,0,1,1.73,4.0
682,17,0,1,2,3.0,0,1,0,1,0,1,0,3.56,0.0
683,18,1,2,3,4.0,8,1,3,0,1,0,0,2.53,2.0
684,15,1,3,3,1.0,15,1,2,0,1,0,0,1.59,4.0
685,16,0,0,1,4.0,3,0,1,0,0,1,1,2.37,3.0
686,16,0,0,2,0.0,11,1,0,1,0,0,0,1.81,4.0
687,15,0,3,1,13.0,0,0,1,0,0,0,0,2.83,2.0
688,17,0,2,0,6.0,0,1,2,0,0,0,1,3.05,1.0
689,16,0,2,2,19.0,6,1,3,1,1,0,0,3.63,0.0
690,16,1,0,0,4.0,17,0,2,0,0,0,1,0.93,4.0
691,16,0,1,2,7.0,22,0,2,1,0,0,0,1.33,4.0
692,15,1,2,1,7.0,27,0,4,1,1,0,1,0.78,4.0
693,18,0,1,2,0.0,22,0,1,1,0,0,0,0.88,4.0
694,16,1,0,2,17.0,14,1,1,0,0,0,0,2.4,3.0
695,18,1,0,1,1.0,25,0,2,0,1,0,0,0.76,4.0
696,17,1,1,3,19.0,29,0,3,1,0,0,0,1.03,4.0
697,16,1,0,1,18.0,24,0,3,0,1,0,0,1.44,4.0
698,16,1,0,2,11.0,12,1,2,0,0,0,0,2.21,3.0
699,17,1,3,2,11.0,15,0,4,0,1,1,0,2.51,2.0
700,16,0,0,2,13.0,6,0,3,0,0,0,0,2.69,2.0
701,18,1,2,4,8.0,15,0,0,1,0,0,0,1.61,4.0
702,15,0,0,1,13.0,12,0,3,1,0,1,1,2.71,2.0
703,18,1,1,2,1.0,13,0,0,0,1,0,0,1.53,4.0
704,15,1,3,2,1.0,16,1,3,0,1,0,0,1.78,4.0
705,15,0,0,3,9.0,11,0,1,1,0,0,0,2.12,3.0
706,18,1,0,1,11.0,28,0,3,0,0,0,0,0.41,4.0
707,18,0,0,2,18.0,23,0,2,1,0,0,0,1.12,4.0
708,18,0,0,2,2.0,23,0,3,0,0,0,0,0.87,4.0
709,18,0,2,1,16.0,19,0,2,1,1,0,0,1.82,4.0
710,17,0,3,2,4.0,12,0,3,1,0,0,0,2.23,3.0
711,16,1,0,1,8.0,23,0,1,0,1,1,0,0.97,4.0
712,15,1,0,2,6.0,19,0,4,0,1,0,0,1.69,4.0
713,18,0,0,3,8.0,14,0,3,0,0,0,0,2.07,3.0
714,18,1,2,2,3.0,23,1,1,1,1,0,0,1.06,4.0
715,18,1,0,2,10.0,20,0,4,0,0,0,0,1.32,4.0
716,17,0,1,2,16.0,3,1,2,1,0,0,1,3.52,0.0
717,18,1,1,0,9.0,21,1,3,0,1,0,1,1.05,4.0
718,18,0,1,1,10.0,1,0,3,1,0,0,0,3.49,1.0
719,18,0,0,2,17.0,27,1,0,1,0,0,1,0.59,4.0
720,16,1,2,1,14.0,17,0,4,0,1,0,0,2.36,3.0
721,17,1,0,1,10.0,1,0,2,0,0,0,0,3.15,1.0
722,18,1,0,2,5.0,24,0,1,0,0,0,0,0.59,4.0
723,15,0,2,1,18.0,14,0,3,1,1,0,1,2.67,2.0
724,15,0,2,1,12.0,29,0,3,0,0,0,0,0.3,4.0
725,15,1,0,2,4.0,25,0,0,0,1,0,0,0.28,4.0
726,17,1,0,1,5.0,18,0,1,1,0,0,0,0.87,4.0
727,17,1,0,3,16.0,14,0,3,0,0,0,0,2.33,3.0
728,15,1,0,3,1.0,25,0,0,1,1,1,0,0.32,4.0
729,18,0,0,2,20.0,19,0,4,0,0,0,0,1.79,4.0
730,17,1,0,1,3.0,9,0,3,0,1,0,0,2.57,2.0
731,15,0,0,2,16.0,27,0,2,0,1,0,0,1.08,4.0
732,15,0,2,3,8.0,23,0,2,1,1,0,1,1.09,4.0
733,18,1,1,2,10.0,19,0,2,0,0,1,1,1.0,4.0
734,16,1,1,1,18.0,10,1,2,1,0,0,0,2.82,2.0
735,17,1,0,2,8.0,25,1,3,0,1,1,1,1.36,4.0
736,18,0,3,3,11.0,9,0,4,0,0,0,1,2.61,2.0
737,15,1,2,2,1.0,28,1,2,1,0,1,0,0.57,4.0
738,15,1,2,2,0.0,22,0,2,0,0,0,1,0.57,4.0
739,18,0,2,2,5.0,4,0,1,0,0,0,0,2.26,3.0
740,17,1,3,2,14.0,8,1,3,0,0,0,0,2.84,2.0
741,16,0,1,0,2.0,19,0,3,1,1,0,0,1.68,4.0
742,16,1,0,2,2.0,18,1,3,1,0,0,0,1.72,4.0
743,15,0,1,0,8.0,12,0,0,0,0,0,0,1.54,4.0
744,17,1,2,2,13.0,17,0,3,0,1,0,0,2.06,3.0
745,16,1,2,1,14.0,16,0,2,1,0,0,0,1.88,4.0
746,17,0,1,2,4.0,26,0,3,1,1,0,1,0.86,4.0
747,17,0,0,1,2.0,5,0,3,0,0,0,0,2.51,2.0
748,15,1,0,2,19.0,9,0,3,1,1,0,1,2.77,2.0
749,16,0,3,2,5.0,1,1,2,0,0,0,0,2.89,2.0
750,18,0,1,1,17.0,23,0,3,0,1,0,0,1.34,4.0
751,15,0,1,1,17.0,5,0,0,0,0,0,0,2.37,3.0
752,16,0,0,1,15.0,27,0,3,0,0,1,0,0.85,4.0
753,16,1,0,3,3.0,27,1,0,0,0,0,0,0.32,4.0
754,16,1,2,2,16.0,20,0,2,1,1,0,0,1.83,4.0
755,16,0,1,2,15.0,12,0,1,0,0,0,0,1.99,4.0
756,16,0,2,1,12.0,17,1,3,0,1,0,0,2.23,3.0
757,17,0,0,2,7.0,6,0,2,0,0,0,1,2.61,2.0
758,15,0,1,3,5.0,1,0,3,1,0,0,0,3.41,1.0
759,17,1,0,3,2.0,28,1,3,1,0,0,0,0.87,4.0
760,18,1,2,2,10.0,13,1,3,0,1,0,0,2.17,3.0
761,16,0,0,0,12.0,4,0,1,0,1,0,0,2.42,3.0
762,15,0,0,1,7.0,17,0,3,0,1,0,0,1.51,4.0
763,16,0,1,0,10.0,10,1,2,0,1,0,0,2.44,3.0
764,15,1,3,1,7.0,9,0,0,0,0,0,0,2.0,3.0
765,17,0,0,1,13.0,10,1,1,0,1,0,0,2.47,3.0
766,15,1,2,1,18.0,26,0,1,1,0,1,0,0.84,4.0
767,18,0,0,1,3.0,1,0,0,0,1,0,0,2.73,2.0
768,18,1,0,3,8.0,14,0,2,0,0,0,0,1.74,4.0
769,15,0,0,2,3.0,6,1,0,0,1,0,0,2.59,2.0
770,15,1,0,3,12.0,8,1,2,1,0,0,0,2.74,2.0
771,15,0,1,2,15.0,4,0,1,0,0,0,0,2.5,3.0
772,15,0,0,1,19.0,6,1,1,0,0,1,0,2.85,2.0
773,18,0,0,2,6.0,19,0,4,1,0,0,0,1.59,4.0
774,16,1,3,1,19.0,1,0,2,0,0,1,0,3.21,1.0
775,15,0,0,2,1.0,2,1,1,0,1,0,0,3.13,1.0
776,15,1,2,1,12.0,1,1,2,0,1,1,1,3.45,1.0
777,18,1,0,4,1.0,20,1,1,1,0,0,0,0.82,4.0
778,18,0,1,1,18.0,21,1,0,0,0,0,0,1.22,4.0
779,17,0,0,1,11.0,22,0,0,1,0,0,0,0.76,4.0
780,15,0,0,3,13.0,18,0,4,0,1,1,0,2.15,3.0
781,17,1,0,0,17.0,3,1,3,0,0,0,0,3.3,1.0
782,18,0,0,2,3.0,23,0,3,1,0,1,0,1.17,4.0
783,18,1,0,2,1.0,19,0,4,0,0,0,1,1.42,4.0
784,16,1,1,3,18.0,6,0,4,0,0,0,0,2.9,2.0
785,15,0,2,4,6.0,27,0,3,0,0,1,0,0.69,4.0
786,17,0,2,4,3.0,21,1,3,1,0,1,1,1.89,4.0
787,18,0,1,0,9.0,6,0,2,0,0,0,1,2.64,2.0
788,18,0,0,3,12.0,16,1,1,0,0,0,0,1.5,4.0
789,17,0,0,2,1.0,18,0,2,0,0,1,0,1.24,4.0
790,16,0,0,2,5.0,21,0,2,0,0,0,0,0.6,4.0
791,18,1,0,1,1.0,15,0,4,0,0,0,0,1.39,4.0
792,15,1,1,2,8.0,2,0,2,0,0,1,0,3.3,1.0
793,18,1,1,4,18.0,14,0,3,0,0,0,1,2.17,3.0
794,15,0,0,3,20.0,13,0,2,1,1,0,0,2.8,2.0
795,17,1,0,2,13.0,14,0,1,0,0,0,0,1.72,4.0
796,15,1,2,0,3.0,13,0,2,0,1,0,0,1.69,4.0
797,17,1,2,1,18.0,6,0,2,1,0,0,0,2.95,2.0
798,15,1,0,3,10.0,24,0,2,1,0,0,0,0.96,4.0
799,17,1,3,2,3.0,2,0,2,1,0,0,0,3.33,1.0
800,15,0,3,2,18.0,29,0,1,0,0,0,0,0.44,4.0
801,16,0,0,0,15.0,16,1,2,1,0,0,0,1.96,4.0
802,15,1,0,2,15.0,9,0,3,1,1,0,0,2.85,2.0
803,15,1,1,2,14.0,14,1,2,0,1,0,0,2.37,3.0
804,16,1,3,3,4.0,28,1,2,0,0,0,0,0.15,4.0
805,18,0,2,2,4.0,5,0,0,0,0,0,0,2.12,3.0
806,18,0,0,1,14.0,27,1,1,1,0,1,1,0.92,4.0
807,15,1,0,2,4.0,16,0,2,0,0,0,1,1.43,4.0
808,16,0,1,0,9.0,16,1,2,0,1,0,0,1.89,4.0
809,15,0,1,4,16.0,13,1,2,0,0,0,0,1.94,4.0
810,17,1,0,1,16.0,23,0,3,1,1,0,0,1.51,4.0
811,17,0,2,2,9.0,24,0,1,0,0,1,0,0.83,4.0
812,15,0,1,1,16.0,17,0,0,1,0,0,0,1.76,4.0
813,18,1,2,2,17.0,24,0,2,1,0,0,0,1.3,4.0
814,18,0,2,2,13.0,4,0,2,0,0,0,0,2.47,3.0
815,15,0,2,2,5.0,28,0,2,0,0,1,0,0.02,4.0
816,15,1,0,1,5.0,7,0,3,0,0,0,0,2.2,3.0
817,17,0,1,1,6.0,6,0,3,1,0,0,0,3.04,1.0
818,18,0,0,1,2.0,22,1,1,1,0,0,0,1.07,4.0
819,15,1,1,2,5.0,3,1,4,1,0,0,0,3.94,0.0
820,17,1,0,0,4.0,17,0,1,0,0,1,0,1.48,4.0
821,18,1,1,2,9.0,4,0,3,0,1,0,0,3.04,1.0
822,16,0,0,3,18.0,15,0,3,0,1,0,0,2.1,3.0
823,17,1,0,3,2.0,13,0,3,0,0,0,0,1.79,4.0
824,18,0,0,2,14.0,26,1,1,1,0,0,1,1.1,4.0
825,18,1,0,2,14.0,26,0,2,0,0,0,0,0.85,4.0
826,17,0,2,0,2.0,18,0,2,0,1,0,1,1.2,4.0
827,16,1,2,2,18.0,13,1,1,0,0,0,0,2.59,2.0
828,17,1,1,3,11.0,8,1,0,0,0,0,1,2.28,3.0
829,18,1,0,1,7.0,5,0,2,0,0,0,0,2.75,2.0
830,15,1,0,2,15.0,16,0,2,0,1,0,0,1.92,4.0
831,15,0,0,3,5.0,18,0,3,1,0,1,0,1.58,4.0
832,17,1,0,3,14.0,11,0,1,0,0,1,0,1.72,4.0
833,18,1,2,1,1.0,3,1,3,1,0,0,0,2.88,2.0
834,15,0,0,2,17.0,15,0,1,0,0,0,0,1.89,4.0
835,18,1,0,1,9.0,24,0,3,1,1,0,0,1.37,4.0
836,17,0,0,1,13.0,10,1,2,0,0,0,0,2.55,2.0
837,15,1,0,3,4.0,21,1,2,1,1,1,1,1.94,4.0
838,18,1,1,3,14.0,3,1,3,1,0,0,1,3.31,1.0
839,15,1,1,2,15.0,16,0,1,0,0,0,0,1.42,4.0
840,17,0,0,0,9.0,7,0,1,0,1,0,0,2.35,3.0
841,18,1,0,3,12.0,13,0,2,0,0,1,0,1.75,4.0
842,15,1,0,2,9.0,26,0,1,1,0,1,0,0.51,4.0
843,17,1,0,1,18.0,1,0,2,0,0,0,0,3.02,1.0
844,15,0,0,2,10.0,10,0,1,0,1,0,1,1.83,4.0
845,15,0,3,0,17.0,10,0,3,0,0,0,0,2.28,3.0
846,16,1,1,2,16.0,23,1,3,1,1,0,1,1.77,4.0
847,16,0,1,2,8.0,21,0,0,1,0,1,0,1.35,4.0
848,17,1,0,1,5.0,23,1,3,0,1,0,0,1.03,4.0
849,16,1,0,1,8.0,5,0,2,0,0,0,0,2.76,2.0
850,17,1,1,1,17.0,20,1,2,1,0,0,0,1.79,4.0
851,16,1,1,0,5.0,20,0,2,1,0,0,0,1.22,4.0
852,15,1,2,2,10.0,13,1,3,0,1,0,1,2.44,3.0
853,17,1,0,3,16.0,29,0,2,0,1,1,0,0.36,4.0
854,17,1,1,0,7.0,9,0,3,1,0,0,0,2.25,3.0
855,15,0,0,0,13.0,25,1,1,0,0,0,0,0.9,4.0
856,17,0,2,2,5.0,26,0,4,0,0,0,0,0.66,4.0
857,17,0,1,3,2.0,7,0,3,1,0,0,0,2.19,3.0
858,16,0,1,1,16.0,6,1,1,0,0,1,1,2.88,2.0
859,17,0,0,1,2.0,7,1,3,1,0,0,0,2.88,2.0
860,18,0,1,2,5.0,27,0,2,0,0,0,0,0.01,4.0
861,15,0,0,1,17.0,7,0,1,1,0,0,0,2.58,2.0
862,16,1,0,0,7.0,22,0,1,0,1,0,0,1.16,4.0
863,16,1,0,2,19.0,1,0,0,1,0,0,0,3.3,1.0
864,18,1,1,2,20.0,26,1,3,0,0,0,0,1.51,4.0
865,15,1,0,2,5.0,15,0,2,0,0,0,0,1.39,4.0
866,15,0,0,2,1.0,8,0,2,0,0,0,1,2.24,3.0
867,16,0,2,2,14.0,12,1,1,1,0,0,0,2.12,3.0
868,17,1,0,1,9.0,22,0,2,0,0,0,1,1.04,4.0
869,16,1,1,1,2.0,11,0,2,0,0,0,0,1.62,4.0
870,15,0,0,1,14.0,26,0,3,0,0,0,0,0.87,4.0
871,18,1,0,1,1.0,21,0,4,0,1,0,0,1.32,4.0
872,16,1,2,2,17.0,24,0,2,1,0,0,1,1.26,4.0
873,15,1,0,3,3.0,28,0,2,1,0,0,0,0.08,4.0
874,16,1,0,4,3.0,16,0,2,0,1,1,0,1.69,4.0
875,17,0,1,2,4.0,26,0,3,0,0,0,1,0.46,4.0
876,16,1,1,1,19.0,1,0,1,1,0,0,0,3.58,0.0
877,16,1,1,1,14.0,12,0,2,1,0,0,0,2.09,3.0
878,15,0,0,3,16.0,0,0,3,1,0,0,0,3.37,1.0
879,15,0,0,2,8.0,25,0,0,0,0,0,0,0.0,4.0
880,15,1,2,2,7.0,27,0,1,0,0,0,0,0.09,4.0
881,16,0,1,2,5.0,18,0,3,0,1,0,0,1.41,4.0
882,17,1,2,2,10.0,10,0,1,0,0,0,0,1.88,4.0
883,18,1,2,3,11.0,4,0,2,1,0,0,0,2.87,2.0
884,18,0,2,0,13.0,0,1,2,0,0,0,0,3.71,0.0
885,15,1,0,2,5.0,19,0,2,0,0,1,0,1.17,4.0
886,15,1,0,3,19.0,29,1,1,1,0,0,0,1.0,4.0
887,16,1,2,1,3.0,12,1,4,0,1,0,0,2.53,2.0
888,18,1,0,2,19.0,7,0,0,1,1,0,0,2.6,2.0
889,15,0,0,1,0.0,5,0,3,0,0,0,0,2.46,3.0
890,17,0,2,4,10.0,28,1,0,0,0,0,0,0.55,4.0
891,17,1,2,0,7.0,16,0,2,0,1,0,0,1.8,4.0
892,15,0,0,2,9.0,11,1,1,0,0,0,0,2.31,3.0
893,15,1,0,1,11.0,0,0,1,0,0,0,0,3.09,1.0
894,18,1,0,2,9.0,2,0,1,0,0,0,0,2.62,2.0
895,18,1,2,1,8.0,13,0,2,0,1,0,0,2.28,3.0
896,16,1,3,1,15.0,25,0,2,1,0,0,0,1.05,4.0
897,18,1,0,2,14.0,7,0,1,0,1,0,0,2.75,2.0
898,17,0,0,3,17.0,10,0,4,0,0,0,0,2.62,2.0
899,17,1,2,1,5.0,26,1,1,0,0,0,0,0.24,4.0
900,15,0,0,1,12.0,13,1,2,0,0,0,0,2.19,3.0
901,18,0,1,2,12.0,7,0,1,0,0,0,1,2.64,2.0
902,16,1,3,2,7.0,28,1,2,0,1,0,0,0.83,4.0
903,17,1,0,3,10.0,2,1,3,0,0,0,0,3.4,1.0
904,17,1,1,1,6.0,6,1,2,0,0,1,0,2.62,2.0
905,16,1,0,2,3.0,27,0,1,0,0,0,0,0.34,4.0
906,16,1,0,1,4.0,18,1,1,1,0,0,1,1.7,4.0
907,17,0,2,1,2.0,3,0,3,0,0,0,0,2.36,3.0
908,17,1,0,2,14.0,24,0,1,0,0,0,0,0.85,4.0
909,16,1,3,2,13.0,15,1,2,1,0,1,0,2.25,3.0
910,17,0,1,2,19.0,12,0,1,1,1,0,0,2.48,3.0
911,15,0,0,1,15.0,19,0,1,1,0,1,1,1.37,4.0
912,15,1,0,2,1.0,18,1,1,0,1,0,0,1.36,4.0
913,16,0,0,2,18.0,4,0,3,1,0,0,0,3.06,1.0
914,18,1,0,4,17.0,22,1,3,1,0,0,0,1.56,4.0
915,16,0,0,1,9.0,4,1,2,1,0,0,0,3.22,1.0
916,16,0,0,1,12.0,19,0,1,0,1,0,0,1.15,4.0
917,18,1,0,1,20.0,23,0,2,0,0,1,1,1.32,4.0
918,18,0,2,2,11.0,3,1,2,1,1,0,0,3.49,1.0
919,18,0,1,1,18.0,1,0,2,0,0,1,1,3.87,0.0
920,15,0,2,3,2.0,25,1,0,0,0,0,1,0.17,4.0
921,17,0,0,1,4.0,12,1,4,0,0,0,0,2.2,3.0
922,15,0,0,3,9.0,29,0,2,0,0,0,0,0.02,4.0
923,17,0,1,1,12.0,15,0,4,0,0,1,0,2.39,3.0
924,15,1,0,2,16.0,21,1,0,0,1,0,0,1.36,4.0
925,17,1,0,3,20.0,1,0,1,1,1,0,0,3.51,0.0
926,15,0,2,1,8.0,18,0,1,0,1,0,0,1.44,4.0
927,18,1,2,4,1.0,16,1,3,0,1,1,0,1.8,4.0
928,16,1,1,2,16.0,4,1,2,1,1,0,0,3.26,1.0
929,15,1,0,3,12.0,24,0,3,0,1,0,0,1.17,4.0
930,17,0,2,2,4.0,17,0,3,0,0,0,0,1.4,4.0
931,18,1,1,1,10.0,27,0,3,0,0,1,0,0.55,4.0
932,15,0,2,1,15.0,22,1,3,0,0,0,0,1.52,4.0
933,15,1,2,1,15.0,20,1,3,0,0,0,0,2.03,3.0
934,18,0,2,0,10.0,17,1,3,1,1,0,0,2.29,3.0
935,15,0,1,1,6.0,7,0,2,1,0,0,0,2.09,3.0
936,16,1,0,1,19.0,26,1,3,1,0,0,1,1.67,4.0
937,15,1,1,2,13.0,14,1,3,0,0,0,0,2.6,2.0
938,16,0,1,2,8.0,12,0,2,0,0,0,0,1.95,4.0
939,16,1,2,1,6.0,12,0,4,0,0,0,0,2.1,3.0
940,18,1,0,1,15.0,15,1,0,0,0,0,0,1.38,4.0
941,15,1,0,2,5.0,21,0,2,0,0,0,0,0.67,4.0
942,18,0,2,1,3.0,19,0,1,1,0,1,0,1.14,4.0
943,15,0,2,0,11.0,12,0,1,0,0,0,1,1.62,4.0
944,15,1,3,1,6.0,19,0,3,0,0,0,1,1.12,4.0
945,17,1,2,3,13.0,1,0,4,0,0,0,0,3.4,1.0
946,15,1,1,3,2.0,2,0,3,0,0,0,0,2.68,2.0
947,18,0,1,1,13.0,14,1,4,1,0,1,0,3.0,2.0
948,16,0,2,2,6.0,22,1,1,1,1,0,0,1.28,4.0
949,15,1,1,2,0.0,18,1,1,0,0,0,0,1.2,4.0
950,17,1,1,2,3.0,12,0,2,0,1,0,0,1.98,4.0
951,18,1,0,2,19.0,4,1,3,1,1,0,1,3.84,0.0
952,15,1,0,2,17.0,25,1,0,1,1,0,0,1.18,4.0
953,18,1,2,1,5.0,21,0,4,1,0,0,0,1.54,4.0
954,17,1,0,0,16.0,5,0,3,0,0,0,1,3.16,1.0
955,17,0,0,2,12.0,13,0,4,0,0,0,1,1.75,4.0
956,18,1,0,3,19.0,3,1,2,0,0,0,0,3.05,1.0
957,15,0,0,2,7.0,21,0,2,0,1,1,0,1.17,4.0
958,16,1,0,3,14.0,18,1,3,1,0,0,0,1.79,4.0
959,17,1,0,4,1.0,22,0,3,0,1,0,0,0.84,4.0
960,15,0,3,1,8.0,6,0,1,0,1,0,0,2.4,3.0
961,15,0,1,2,19.0,3,1,4,0,0,0,0,3.58,0.0
962,16,0,0,2,11.0,1,0,3,1,0,1,0,3.23,1.0
963,17,0,0,4,6.0,26,0,0,0,0,0,0,0.0,4.0
964,17,1,1,4,2.0,6,1,1,0,0,1,0,2.81,2.0
965,15,0,0,2,14.0,2,1,2,1,0,0,0,3.42,1.0
966,15,1,2,1,13.0,14,0,2,0,1,0,1,2.11,3.0
967,16,0,1,2,7.0,0,0,3,0,0,0,0,3.16,1.0
968,16,1,2,1,19.0,1,0,0,0,0,0,0,2.99,2.0
969,17,1,0,2,0.0,9,1,3,1,0,0,0,2.49,3.0
970,18,1,1,3,6.0,15,0,3,1,0,1,0,2.13,3.0
971,17,1,0,1,18.0,24,0,1,1,0,0,1,0.84,4.0
972,15,1,3,2,6.0,27,0,2,1,0,1,0,0.68,4.0
973,17,1,1,2,5.0,14,1,1,1,0,0,0,1.74,4.0
974,18,0,0,2,11.0,23,1,1,1,0,0,0,1.25,4.0
975,16,1,0,1,16.0,14,1,2,0,0,0,0,1.92,4.0
976,18,0,0,2,2.0,13,0,4,1,0,0,0,2.19,3.0
977,18,0,1,3,19.0,21,1,1,0,1,1,0,1.76,4.0
978,18,1,0,3,16.0,13,0,2,1,0,0,0,1.92,4.0
979,16,0,1,1,4.0,5,0,1,1,0,0,0,2.81,2.0
980,18,1,0,3,14.0,13,1,1,0,0,0,0,2.14,3.0
981,18,0,1,2,8.0,16,0,2,0,0,1,0,1.36,4.0
982,18,1,2,1,8.0,17,0,3,0,1,0,0,1.72,4.0
983,15,0,2,0,16.0,19,1,0,0,1,0,0,1.19,4.0
984,18,1,2,1,19.0,18,0,4,0,0,0,0,1.53,4.0
985,16,1,0,3,3.0,29,0,0,0,1,0,0,0.12,4.0
986,18,1,0,2,8.0,16,0,3,0,1,0,0,1.56,4.0
987,18,1,1,2,10.0,15,0,3,1,0,0,0,2.1,3.0
988,16,0,0,1,8.0,7,1,2,0,1,0,0,3.01,1.0
989,18,1,0,2,7.0,6,0,1,0,0,0,0,2.07,3.0
990,16,0,0,0,1.0,19,1,2,0,0,1,0,1.75,4.0
991,18,0,0,1,14.0,27,0,3,1,1,0,0,1.08,4.0
992,16,0,0,2,9.0,11,0,3,0,0,1,0,2.27,3.0
993,18,1,2,1,4.0,8,0,2,0,1,0,0,2.12,3.0
994,18,0,0,3,16.0,26,1,2,0,0,0,0,0.74,4.0
995,15,0,1,1,16.0,13,0,3,0,1,0,0,1.89,4.0
996,15,0,0,2,10.0,19,1,4,0,0,0,0,1.59,4.0
997,18,1,1,2,6.0,0,0,3,0,0,1,0,3.51,0.0
998,18,1,0,2,13.0,9,1,3,0,0,1,0,2.63,2.0
999,17,0,2,1,6.0,16,1,2,1,1,0,0,1.84,4.0
1000,16,1,2,0,5.0,16,1,3,1,0,1,0,1.83,4.0
1001,17,1,0,3,15.0,16,1,3,0,0,0,1,1.77,4.0
1002,15,0,3,1,1.0,3,0,3,1,0,1,1,3.2,1.0
1003,15,0,3,3,2.0,16,1,2,0,0,0,0,1.26,4.0
1004,15,1,2,4,0.0,17,0,2,0,1,1,1,1.43,4.0
1005,15,0,2,1,3.0,19,0,2,0,0,1,1,1.07,4.0
1006,18,1,0,1,1.0,22,0,2,0,0,0,1,0.83,4.0
1007,15,1,1,2,20.0,1,0,2,0,0,0,0,3.13,1.0
1008,18,1,0,4,6.0,7,0,3,1,0,0,0,2.54,2.0
1009,18,1,0,3,3.0,12,0,2,1,0,0,0,1.67,4.0
1010,15,1,3,2,5.0,22,0,1,0,1,1,0,0.82,4.0
1011,15,1,0,2,19.0,24,0,3,0,1,0,0,1.13,4.0
1012,16,0,2,1,10.0,29,0,3,0,0,0,0,0.33,4.0
1013,17,0,2,4,7.0,21,1,2,0,0,0,0,1.49,4.0
1014,15,1,2,4,17.0,19,1,1,0,1,0,0,1.68,4.0
1015,16,1,3,1,8.0,21,1,4,1,0,0,0,1.92,4.0
1016,16,1,0,1,7.0,14,0,3,0,0,0,0,1.94,4.0
1017,17,0,0,1,4.0,19,0,1,1,0,0,0,1.07,4.0
1018,18,1,0,1,8.0,22,1,0,0,0,0,0,0.97,4.0
1019,15,0,0,3,6.0,8,1,2,1,0,0,0,2.69,2.0
1020,17,1,0,1,14.0,2,1,3,1,1,0,0,3.52,0.0
1021,15,1,0,0,6.0,2,0,1,1,0,0,0,2.82,2.0
1022,16,0,2,1,12.0,1,0,2,1,1,0,0,3.49,1.0
1023,16,0,1,4,1.0,0,1,2,0,0,1,0,3.59,0.0
1024,18,1,0,2,4.0,13,0,3,0,0,0,0,1.58,4.0
1025,16,1,1,2,8.0,16,0,2,1,0,1,0,1.89,4.0
1026,16,1,0,1,19.0,12,1,2,0,1,0,0,2.37,3.0
1027,17,0,0,4,8.0,18,1,4,1,0,1,0,2.43,3.0
1028,15,0,2,3,13.0,29,0,1,0,0,0,0,0.39,4.0
1029,15,0,1,1,5.0,22,0,1,0,1,1,0,0.71,4.0
1030,17,0,2,0,3.0,14,1,3,0,1,1,0,2.57,2.0
1031,18,0,0,0,1.0,26,0,1,1,1,0,0,0.7,4.0
1032,15,0,2,1,6.0,24,1,3,1,0,1,0,1.59,4.0
1033,16,1,1,2,3.0,13,1,0,0,1,0,0,2.06,3.0
1034,15,1,1,3,3.0,1,1,1,0,0,0,0,3.13,1.0
1035,16,0,1,2,15.0,6,1,4,1,1,0,0,3.54,0.0
1036,18,1,2,3,0.0,16,0,2,1,1,1,0,2.06,3.0
1037,17,1,1,2,11.0,17,0,3,0,1,1,1,1.76,4.0
1038,15,0,1,2,8.0,5,0,1,1,1,0,0,2.62,2.0
1039,17,1,3,2,10.0,26,0,1,0,0,0,0,0.26,4.0
1040,15,0,2,1,11.0,20,0,3,0,1,1,0,1.7,4.0
1041,16,0,0,1,6.0,7,0,2,0,0,0,0,2.1,3.0
1042,17,1,2,2,6.0,27,1,2,1,1,1,0,0.84,4.0
1043,15,0,0,0,15.0,26,0,0,1,1,0,0,0.56,4.0
1044,16,0,0,1,17.0,1,0,2,1,0,0,0,3.35,1.0
1045,17,0,1,2,4.0,0,0,3,1,0,0,0,3.28,1.0
1046,17,0,3,4,2.0,15,0,3,0,1,0,0,1.56,4.0
1047,15,0,3,2,18.0,6,0,3,1,0,0,1,2.85,2.0
1048,15,0,0,3,7.0,21,0,3,0,0,0,0,1.14,4.0
1049,15,0,1,2,11.0,23,0,2,1,0,0,0,1.39,4.0
1050,16,0,0,2,7.0,10,1,2,0,0,0,0,2.18,3.0
1051,15,1,3,2,3.0,14,1,3,1,0,0,0,2.25,3.0
1052,17,1,3,3,12.0,12,1,1,1,0,0,0,2.25,3.0
1053,17,1,1,2,11.0,29,0,1,1,0,0,0,0.39,4.0
1054,15,0,2,2,4.0,23,0,4,1,1,0,0,1.48,4.0
1055,15,0,2,2,9.0,1,0,0,0,0,0,0,2.67,2.0
1056,18,1,1,2,16.0,13,0,1,1,0,0,0,1.83,4.0
1057,17,1,0,1,12.0,23,0,2,0,0,1,0,0.76,4.0
1058,16,1,0,0,2.0,5,0,3,1,0,0,0,2.94,2.0
1059,18,0,1,0,11.0,8,1,2,1,0,1,0,3.05,1.0
1060,15,1,1,3,14.0,27,0,2,0,1,0,0,0.92,4.0
1061,15,1,0,1,16.0,6,0,4,1,0,1,0,3.46,1.0
1062,17,0,3,1,13.0,17,0,3,0,0,0,0,1.84,4.0
1063,15,1,0,2,3.0,23,0,3,1,1,0,0,1.19,4.0
1064,16,0,1,1,14.0,8,1,0,1,0,1,0,2.42,3.0
1065,17,0,1,2,14.0,22,0,1,0,0,0,0,0.91,4.0
1066,15,0,1,1,0.0,3,0,2,0,1,0,0,3.07,1.0
1067,17,1,1,4,8.0,8,0,1,0,0,0,0,2.17,3.0
1068,15,1,0,3,7.0,3,0,0,1,1,0,0,2.55,2.0
1069,15,0,0,3,13.0,11,0,1,1,0,1,0,2.45,3.0
1070,15,1,1,2,4.0,3,1,2,0,0,1,0,3.46,1.0
1071,16,1,1,2,12.0,24,1,3,1,1,0,0,1.44,4.0
1072,16,1,0,1,18.0,29,1,3,0,0,0,0,0.91,4.0
1073,17,1,2,0,16.0,23,0,0,0,0,1,0,0.92,4.0
1074,15,0,0,0,18.0,19,0,2,0,1,1,0,1.84,4.0
1075,15,1,1,2,20.0,13,0,1,0,0,0,0,2.1,3.0
1076,16,0,2,2,0.0,23,1,2,0,1,0,0,0.88,4.0
1077,15,0,0,2,12.0,23,1,2,0,1,0,0,1.45,4.0
1078,16,1,0,0,8.0,6,1,2,0,0,1,0,3.08,1.0
1079,15,0,2,2,17.0,25,0,3,1,0,0,0,1.12,4.0
1080,17,1,1,2,5.0,12,0,3,0,0,0,0,2.06,3.0
1081,15,1,1,2,20.0,21,0,3,0,1,0,0,1.56,4.0
1082,15,0,2,2,12.0,7,0,3,0,0,1,0,2.49,3.0
1083,18,0,2,1,16.0,22,0,3,0,0,1,0,1.1,4.0
1084,16,0,3,3,2.0,4,0,3,0,0,0,0,2.69,2.0
1085,15,0,1,2,4.0,11,1,2,0,0,0,0,1.68,4.0
1086,15,1,0,1,15.0,12,0,2,1,0,1,0,2.42,3.0
1087,18,1,0,1,0.0,28,0,3,1,1,0,0,0.41,4.0
1088,18,1,0,2,16.0,19,0,0,0,0,0,0,0.65,4.0
1089,16,0,1,3,0.0,13,0,3,0,0,0,0,1.79,4.0
1090,18,0,0,2,13.0,27,1,4,0,1,0,0,0.96,4.0
1091,17,0,3,1,7.0,17,0,3,0,0,0,0,1.93,4.0
1092,18,1,1,3,12.0,26,0,0,1,1,0,0,0.99,4.0
1093,17,0,1,2,14.0,23,1,2,1,0,0,0,1.35,4.0
1094,16,1,0,2,7.0,24,0,3,1,0,1,0,0.7,4.0
1095,16,0,0,2,2.0,19,0,4,0,1,0,0,1.52,4.0
1096,16,1,0,1,1.0,3,1,2,1,0,0,0,3.36,1.0
1097,16,1,0,2,12.0,20,1,3,0,0,0,0,1.77,4.0
1098,16,0,0,1,10.0,17,0,3,0,0,0,0,1.79,4.0
1099,17,0,1,4,15.0,6,0,1,0,1,1,1,3.15,1.0
1100,17,1,2,2,10.0,14,0,3,1,1,0,1,2.01,3.0
1101,16,1,2,2,8.0,20,1,2,1,0,0,0,1.72,4.0
1102,18,0,1,2,8.0,5,0,2,0,1,0,1,3.13,1.0
1103,15,0,0,3,1.0,15,1,2,0,0,0,0,1.44,4.0
1104,16,1,2,3,7.0,19,1,3,1,0,0,1,1.62,4.0
1105,18,0,2,2,20.0,23,1,3,1,1,0,0,2.2,3.0
1106,15,1,0,2,17.0,7,0,2,0,1,0,0,3.1,1.0
1107,16,1,2,2,7.0,27,0,3,1,0,0,0,0.47,4.0
1108,16,0,0,2,12.0,20,0,3,0,0,0,0,1.04,4.0
1109,17,0,2,1,17.0,15,1,3,1,0,0,0,2.39,3.0
1110,15,0,3,2,9.0,27,0,2,0,1,0,0,0.27,4.0
1111,15,0,0,1,0.0,21,0,0,0,1,0,1,0.44,4.0
1112,18,0,2,3,1.0,15,0,2,1,0,1,0,1.56,4.0
1113,17,1,1,1,10.0,2,0,3,1,1,0,0,3.68,0.0
1114,17,1,3,4,19.0,16,0,1,0,1,0,0,2.11,3.0
1115,17,0,0,2,14.0,8,0,4,0,1,1,0,3.29,1.0
1116,17,0,2,2,1.0,24,0,3,0,0,0,0,0.43,4.0
1117,15,0,0,2,4.0,2,0,3,0,0,0,0,2.85,2.0
1118,15,1,0,1,15.0,19,0,3,1,0,1,1,1.77,4.0
1119,16,0,0,1,17.0,28,1,2,0,0,0,0,0.8,4.0
1120,16,0,3,0,12.0,6,1,3,1,1,0,0,3.52,0.0
1121,17,1,2,2,13.0,17,0,2,0,1,0,0,1.59,4.0
1122,17,1,2,2,1.0,11,0,3,1,0,0,0,1.86,4.0
1123,17,0,3,2,17.0,18,1,3,0,1,0,0,2.41,3.0
1124,16,0,0,1,16.0,15,0,3,0,0,0,0,2.14,3.0
1125,18,0,0,1,5.0,21,0,3,0,0,0,0,1.07,4.0
1126,18,1,0,2,14.0,26,0,0,1,0,0,0,0.31,4.0
1127,16,0,0,3,4.0,23,0,0,0,0,0,0,0.5,4.0
1128,16,0,0,2,1.0,16,0,3,0,0,1,0,1.49,4.0
1129,16,0,0,2,4.0,19,1,1,1,0,0,0,0.88,4.0
1130,16,1,0,2,4.0,14,1,2,1,1,0,0,2.05,3.0
1131,16,1,0,0,7.0,0,0,2,1,0,0,0,3.29,1.0
1132,16,0,0,4,8.0,1,0,0,0,0,0,0,2.61,2.0
1133,17,0,0,2,10.0,7,0,0,0,0,0,0,2.21,3.0
1134,17,1,3,1,10.0,21,0,3,1,1,0,0,1.63,4.0
1135,17,1,2,2,5.0,24,0,3,0,0,0,0,0.49,4.0
1136,17,1,3,1,1.0,1,0,2,0,1,1,0,3.2,1.0
1137,16,1,0,4,12.0,18,1,4,0,0,0,0,2.07,3.0
1138,18,1,0,1,8.0,8,0,1,1,0,0,1,2.28,3.0
1139,15,1,2,2,6.0,8,1,1,0,1,0,0,2.48,3.0
1140,16,1,0,1,17.0,12,0,3,1,0,1,0,2.62,2.0
1141,15,1,0,2,15.0,5,0,3,0,0,1,0,3.35,1.0
1142,18,1,0,2,17.0,29,0,2,1,0,1,0,0.84,4.0
1143,17,0,0,2,10.0,14,0,4,1,0,1,0,2.37,3.0
1144,18,0,0,2,3.0,18,1,4,0,1,0,0,1.92,4.0
1145,16,0,0,3,14.0,20,0,0,0,0,0,0,1.01,4.0
1146,17,1,1,0,4.0,14,0,1,1,0,0,0,1.55,4.0
1147,16,0,0,1,9.0,17,0,3,0,0,0,0,1.25,4.0
1148,17,1,0,1,1.0,6,0,2,1,0,0,0,2.46,3.0
1149,15,1,2,4,17.0,25,0,0,1,0,1,1,0.96,4.0
1150,15,0,0,1,3.0,10,0,3,0,0,0,0,2.08,3.0
1151,15,1,0,2,18.0,7,1,2,0,0,1,0,2.94,2.0
1152,18,0,2,2,17.0,5,1,2,0,0,1,0,3.18,1.0
1153,16,0,0,1,9.0,7,0,1,1,0,0,0,2.63,2.0
1154,18,0,0,1,15.0,1,0,3,0,0,1,0,3.11,1.0
1155,15,1,0,1,12.0,18,0,2,1,0,0,0,1.42,4.0
1156,16,0,0,2,16.0,15,0,1,1,1,0,0,2.06,3.0
1157,15,1,1,1,9.0,6,1,2,0,0,0,1,2.92,2.0
1158,18,0,2,0,16.0,9,1,2,0,1,0,0,3.18,1.0
1159,18,0,0,3,9.0,11,0,4,0,0,1,0,2.61,2.0
1160,18,0,1,4,19.0,16,0,4,1,1,0,0,2.35,3.0
1161,15,1,1,1,10.0,6,1,1,0,0,0,0,2.24,3.0
1162,16,1,0,1,9.0,21,1,3,0,0,0,0,1.75,4.0
1163,16,1,1,0,16.0,7,0,3,1,1,0,0,2.95,2.0
1164,15,0,0,2,16.0,6,0,3,0,1,0,0,3.07,1.0
1165,16,0,0,3,11.0,3,0,2,0,0,0,0,2.81,2.0
1166,15,1,0,1,4.0,2,1,0,0,0,0,0,2.64,2.0
1167,16,1,0,1,9.0,18,0,3,1,0,0,1,1.4,4.0
1168,17,1,0,2,19.0,14,1,1,0,0,0,0,2.44,3.0
1169,17,1,2,2,15.0,3,0,1,0,0,0,0,2.63,2.0
1170,18,1,0,0,16.0,24,0,3,1,1,0,0,1.47,4.0
1171,17,1,0,2,1.0,8,0,4,0,0,1,0,2.38,3.0
1172,17,0,0,1,9.0,12,1,1,1,0,0,0,2.3,3.0
1173,17,1,2,1,13.0,17,0,3,0,0,0,0,1.6,4.0
1174,15,0,1,2,17.0,20,1,2,0,1,0,0,1.69,4.0
1175,17,0,1,3,1.0,15,0,3,0,1,0,0,1.9,4.0
1176,17,1,2,2,17.0,0,1,2,0,0,0,0,3.5,1.0
1177,18,1,2,3,11.0,3,1,1,0,0,1,0,3.36,1.0
1178,17,0,0,2,4.0,17,0,1,0,0,0,1,0.82,4.0
1179,17,1,1,2,6.0,7,1,2,0,0,1,1,2.64,2.0
1180,16,1,2,2,6.0,19,0,1,0,0,1,0,0.9,4.0
1181,18,0,3,3,11.0,15,0,0,0,1,1,0,1.67,4.0
1182,18,0,2,3,1.0,20,0,3,0,1,0,0,0.91,4.0
1183,18,0,0,0,3.0,10,1,2,0,0,1,0,2.42,3.0
1184,18,1,0,3,16.0,19,1,3,1,0,0,0,2.13,3.0
1185,18,0,0,3,3.0,20,0,1,0,0,0,1,1.03,4.0
1186,18,1,2,2,5.0,20,1,3,0,0,0,1,1.51,4.0
1187,15,0,0,1,9.0,20,0,2,1,1,1,0,1.79,4.0
1188,17,0,0,3,10.0,26,1,0,0,0,0,0,0.6,4.0
1189,18,0,2,3,15.0,18,0,2,0,0,0,0,1.41,4.0
1190,17,1,0,1,9.0,22,0,0,0,1,1,0,1.24,4.0
1191,17,1,2,4,16.0,18,0,3,1,0,0,0,1.93,4.0
1192,15,0,0,0,12.0,17,0,3,0,1,0,0,2.32,3.0
1193,18,0,0,1,2.0,18,0,2,1,1,0,0,1.82,4.0
1194,16,0,0,2,3.0,10,0,1,1,1,1,1,2.36,3.0
1195,15,1,2,2,9.0,2,0,1,0,0,0,0,2.79,2.0
1196,16,0,0,2,8.0,7,1,2,1,0,0,0,2.95,2.0
1197,17,1,0,0,15.0,19,0,3,0,0,0,1,1.81,4.0
1198,17,0,3,4,12.0,18,1,1,0,0,0,0,1.14,4.0
1199,15,0,0,0,8.0,9,0,0,0,1,0,0,2.3,3.0
1200,15,0,1,1,3.0,15,0,2,1,0,0,0,1.68,4.0
1201,16,0,1,0,5.0,4,0,2,0,0,0,0,2.75,2.0
1202,18,0,0,2,12.0,19,1,1,0,0,0,0,1.2,4.0
1203,16,0,1,3,8.0,8,1,2,1,1,1,1,2.9,2.0
1204,15,1,0,2,10.0,7,0,2,1,0,0,0,2.68,2.0
1205,16,0,1,3,3.0,10,0,2,1,0,0,0,2.3,3.0
1206,15,1,0,0,13.0,15,0,2,0,0,0,0,1.45,4.0
1207,16,0,1,2,17.0,6,0,3,0,1,0,0,2.98,2.0
1208,15,0,0,2,5.0,14,1,0,0,0,1,1,1.42,4.0
1209,15,1,1,2,10.0,23,0,1,1,0,0,0,0.93,4.0
1210,15,0,0,0,20.0,28,0,2,0,0,0,1,0.98,4.0
1211,18,1,0,2,7.0,20,1,2,1,0,0,1,1.38,4.0
1212,16,1,0,2,12.0,19,1,2,0,1,0,0,1.86,4.0
1213,16,0,0,2,2.0,22,0,3,1,1,0,0,1.23,4.0
1214,16,1,2,2,12.0,16,0,3,1,0,1,0,2.14,3.0
1215,15,1,0,1,2.0,5,0,1,1,0,1,0,2.43,3.0
1216,16,0,3,2,19.0,14,0,3,0,0,0,0,2.26,3.0
1217,16,1,3,1,14.0,7,0,2,0,1,0,0,2.69,2.0
1218,15,0,1,3,16.0,6,1,1,0,0,0,0,3.13,1.0
1219,17,0,0,2,14.0,1,1,4,0,1,0,0,3.77,0.0
1220,15,0,0,1,12.0,29,0,3,0,1,0,0,0.8,4.0
1221,16,0,2,4,9.0,12,0,4,1,1,0,0,2.96,2.0
1222,15,1,0,2,17.0,29,0,1,0,1,0,0,0.7,4.0
1223,17,0,0,0,19.0,22,0,1,1,0,1,0,1.19,4.0
1224,15,0,1,2,10.0,28,0,2,0,1,0,0,0.3,4.0
1225,16,1,2,1,19.0,5,0,3,0,1,0,0,3.3,1.0
1226,17,0,2,3,12.0,28,0,1,0,0,0,0,0.21,4.0
1227,18,0,0,3,11.0,4,0,3,1,1,1,0,3.53,0.0
1228,16,1,1,4,9.0,19,0,2,0,1,0,0,1.61,4.0
1229,17,1,0,2,4.0,0,0,2,1,1,0,0,3.34,1.0
1230,17,1,0,2,0.0,28,0,3,0,0,0,0,0.03,4.0
1231,18,1,2,2,5.0,17,0,3,1,0,0,0,1.64,4.0
1232,15,1,0,1,10.0,14,0,0,0,0,0,0,1.71,4.0
1233,15,1,0,2,8.0,22,0,4,0,1,1,0,1.49,4.0
1234,16,1,0,2,9.0,9,0,2,1,1,0,0,3.0,2.0
1235,18,0,2,0,20.0,2,1,0,1,0,0,0,3.52,0.0
1236,15,1,2,2,7.0,4,0,3,0,0,0,0,2.92,2.0
1237,18,1,1,3,9.0,23,0,4,1,1,0,0,1.36,4.0
1238,15,1,2,3,3.0,28,0,3,0,0,0,0,0.21,4.0
1239,17,0,0,0,1.0,12,0,3,1,0,1,0,2.23,3.0
1240,15,0,0,0,16.0,7,1,3,0,1,0,0,3.16,1.0
1241,18,1,0,1,11.0,21,1,4,0,0,1,0,1.99,4.0
1242,17,1,0,3,15.0,20,0,0,0,0,0,1,1.0,4.0
1243,17,1,0,1,3.0,28,0,3,1,1,0,0,0.52,4.0
1244,17,0,3,2,11.0,1,0,3,1,0,0,0,3.46,1.0
1245,18,0,0,1,5.0,8,0,0,0,1,0,0,1.99,4.0
1246,16,1,0,2,5.0,16,0,2,1,0,0,1,1.68,4.0
1247,16,0,0,1,0.0,26,0,2,0,0,0,0,0.11,4.0
1248,16,1,0,2,3.0,17,0,3,1,0,0,1,1.91,4.0
1249,18,0,3,1,6.0,12,0,0,0,0,0,0,1.2,4.0
1250,17,0,0,2,2.0,0,1,3,0,0,0,0,3.22,1.0
1251,16,1,0,1,20.0,11,0,1,0,0,0,0,2.19,3.0
1252,18,1,2,2,6.0,19,0,2,0,0,1,0,1.15,4.0
1253,16,1,0,3,3.0,19,0,3,0,0,0,1,0.69,4.0
1254,15,1,0,1,4.0,20,0,2,1,0,0,0,1.52,4.0
1255,16,0,0,3,12.0,4,1,2,0,0,0,0,3.17,1.0
1256,16,0,1,2,1.0,7,0,0,1,0,0,0,1.81,4.0
1257,17,0,3,1,17.0,26,1,3,1,0,0,0,1.12,4.0
1258,18,1,2,2,19.0,14,0,4,0,0,0,0,2.0,3.0
1259,17,0,0,1,5.0,26,1,4,0,0,0,0,0.89,4.0
1260,17,1,2,2,9.0,2,1,3,1,1,0,0,3.98,0.0
1261,17,0,0,2,0.0,5,0,1,1,0,0,0,2.33,3.0
1262,17,1,0,1,13.0,27,0,1,1,0,1,0,0.61,4.0
1263,17,1,0,2,8.0,12,1,1,1,1,1,0,2.71,2.0
1264,16,0,0,3,5.0,11,0,2,0,0,1,0,2.1,3.0
1265,17,1,1,3,4.0,18,0,1,1,0,0,0,1.18,4.0
1266,17,1,1,2,13.0,28,0,1,0,0,1,0,0.56,4.0
1267,18,0,3,4,8.0,17,0,3,0,0,0,0,1.17,4.0
1268,15,1,1,2,4.0,23,0,2,1,0,0,1,0.92,4.0
1269,16,1,1,1,14.0,0,0,3,1,0,0,0,3.84,0.0
1270,16,1,0,3,11.0,24,0,4,1,1,0,0,1.21,4.0
1271,16,0,0,2,17.0,26,0,3,0,0,1,0,0.96,4.0
1272,17,0,1,2,2.0,6,1,3,1,0,0,0,2.5,2.0
1273,17,1,0,2,16.0,11,0,3,1,0,0,0,2.46,3.0
1274,17,0,2,3,13.0,9,1,2,1,0,0,0,2.65,2.0
1275,18,1,0,3,2.0,28,1,0,0,0,0,0,0.38,4.0
1276,15,1,0,2,14.0,11,1,0,1,1,0,0,2.4,3.0
1277,17,1,0,1,9.0,10,1,1,0,1,1,0,2.6,2.0
1278,15,1,0,2,19.0,3,1,3,1,1,0,0,4.0,0.0
1279,18,1,0,2,3.0,18,1,4,1,0,0,0,1.42,4.0
1280,16,0,2,1,13.0,5,0,4,1,1,0,0,3.43,1.0
1281,17,1,0,2,8.0,24,0,0,0,0,0,1,0.13,4.0
1282,15,0,1,2,19.0,8,1,4,0,0,0,0,2.93,2.0
1283,15,0,0,1,7.0,19,0,2,0,0,0,0,0.95,4.0
1284,17,1,0,1,19.0,9,1,3,0,1,0,0,3.0,2.0
1285,16,1,0,1,18.0,4,1,1,1,0,0,0,3.06,1.0
1286,16,0,2,3,5.0,26,0,0,0,0,0,0,0.0,4.0
1287,16,0,0,1,16.0,12,1,2,0,1,0,1,2.75,2.0
1288,18,0,2,1,20.0,8,0,3,1,0,1,1,3.21,1.0
1289,15,1,0,2,5.0,1,0,1,0,0,1,0,3.42,1.0
1290,15,0,2,1,9.0,17,0,1,1,0,0,1,1.47,4.0
1291,15,1,0,0,10.0,20,0,4,0,0,0,0,1.55,4.0
1292,18,1,1,1,6.0,0,0,4,0,0,0,0,3.55,0.0
1293,15,1,1,2,0.0,23,0,0,1,0,0,0,0.19,4.0
1294,18,0,3,2,4.0,20,0,3,0,0,0,0,1.35,4.0
1295,16,1,0,1,6.0,11,1,2,0,1,0,0,2.14,3.0
1296,17,1,0,2,9.0,9,0,2,0,1,0,1,2.47,3.0
1297,15,1,0,4,3.0,1,0,2,0,1,0,0,3.21,1.0
1298,15,1,2,1,17.0,27,0,2,1,0,0,0,0.45,4.0
1299,16,1,1,1,14.0,8,1,2,1,0,0,0,2.81,2.0
1300,17,0,2,1,2.0,1,1,2,0,0,0,0,3.0,2.0
1301,18,1,0,2,13.0,22,0,2,1,1,0,1,1.18,4.0
1302,17,1,0,2,13.0,23,0,3,1,1,1,0,1.67,4.0
1303,16,0,0,1,19.0,29,1,3,1,1,0,0,1.62,4.0
1304,16,1,3,2,0.0,21,0,2,0,0,0,1,0.52,4.0
1305,17,0,1,0,5.0,13,0,1,1,0,0,0,1.95,4.0
1306,18,1,3,2,19.0,10,0,3,0,1,0,0,2.82,2.0
1307,18,0,0,2,19.0,22,0,3,1,0,0,0,1.25,4.0
1308,15,0,1,1,14.0,10,1,3,1,0,0,0,2.76,2.0
1309,18,1,1,2,15.0,16,0,2,0,1,0,0,1.92,4.0
1310,17,1,0,1,2.0,3,0,1,0,0,0,0,2.73,2.0
1311,16,1,2,2,10.0,12,0,3,0,0,0,0,2.23,3.0
1312,15,0,3,0,5.0,6,1,2,0,0,1,0,2.61,2.0
1313,15,0,2,3,4.0,15,1,4,0,0,1,0,2.2,3.0
1314,16,0,2,1,16.0,0,1,3,1,0,0,0,3.34,1.0
1315,18,1,0,3,3.0,12,0,1,0,0,0,0,1.72,4.0
1316,16,0,0,1,9.0,0,0,2,0,1,1,1,3.29,1.0
1317,18,0,3,2,19.0,10,1,3,0,0,0,0,2.56,2.0
1318,16,1,0,1,4.0,5,0,2,0,0,0,0,2.36,3.0
1319,17,0,2,3,20.0,19,1,2,0,0,0,0,1.5,4.0
1320,18,0,2,1,20.0,2,0,3,1,0,0,0,3.52,0.0
1321,17,1,1,1,11.0,11,0,3,0,0,0,0,2.4,3.0
1322,15,0,3,2,3.0,4,0,1,1,1,1,1,2.52,2.0
1323,16,1,0,0,6.0,8,1,2,0,0,0,0,2.44,3.0
1324,15,1,0,1,8.0,25,1,4,1,0,0,0,1.28,4.0
1325,15,1,0,3,6.0,25,0,4,0,1,0,0,1.1,4.0
1326,15,1,0,4,6.0,11,0,3,1,0,0,0,2.19,3.0
1327,15,1,0,1,19.0,29,1,4,1,0,1,0,1.58,4.0
1328,16,0,0,3,3.0,29,0,2,1,0,0,0,0.48,4.0
1329,15,0,2,2,15.0,27,1,2,1,0,0,0,1.21,4.0
1330,16,1,3,1,0.0,26,0,2,1,0,0,0,0.26,4.0
1331,16,1,0,2,12.0,9,0,1,1,0,0,0,2.71,2.0
1332,17,0,0,2,18.0,18,0,2,1,0,0,0,1.53,4.0
1333,18,1,3,4,6.0,4,0,2,1,1,0,1,3.13,1.0
1334,18,1,0,1,4.0,25,0,3,1,0,0,0,1.0,4.0
1335,16,1,0,2,13.0,4,0,3,0,0,0,1,3.37,1.0
1336,17,0,0,0,14.0,8,0,3,0,0,0,0,2.79,2.0
1337,16,0,1,1,14.0,26,0,2,1,0,0,0,0.67,4.0
1338,16,1,0,0,6.0,27,0,1,0,0,0,0,0.34,4.0
1339,16,1,3,4,5.0,25,1,2,1,0,0,0,0.89,4.0
1340,17,0,0,3,19.0,26,0,3,0,1,1,0,1.51,4.0
1341,18,0,1,2,18.0,19,0,1,0,1,1,0,1.71,4.0
1342,17,1,0,2,9.0,16,0,2,1,0,0,1,1.97,4.0
1343,15,1,0,1,17.0,9,0,2,0,1,0,0,2.63,2.0
1344,17,0,1,1,9.0,20,1,3,0,0,0,0,1.67,4.0
1345,17,0,2,1,8.0,0,0,3,0,0,0,0,3.09,1.0
1346,17,0,2,1,3.0,21,1,3,0,1,0,1,1.64,4.0
1347,17,1,1,2,9.0,27,0,2,1,1,0,0,0.34,4.0
1348,18,0,3,2,11.0,15,0,2,0,0,1,1,1.93,4.0
1349,15,1,2,0,0.0,25,0,1,1,0,0,0,0.45,4.0
1350,18,0,2,0,9.0,25,1,1,0,0,0,0,0.71,4.0
1351,18,0,0,1,16.0,14,1,1,1,0,0,1,1.75,4.0
1352,17,0,0,2,14.0,22,0,1,0,1,0,0,0.97,4.0
1353,16,0,0,3,13.0,16,1,1,0,0,0,1,1.93,4.0
1354,16,1,1,2,18.0,25,0,1,0,0,1,0,0.69,4.0
1355,18,1,0,3,0.0,19,1,1,0,0,0,0,0.73,4.0
1356,18,0,0,2,11.0,24,0,3,0,0,0,1,0.68,4.0
1357,17,1,2,1,16.0,12,0,4,1,1,0,0,3.02,1.0
1358,18,0,2,1,11.0,0,0,3,0,1,1,0,3.73,0.0
1359,17,0,3,3,6.0,24,1,0,0,0,0,0,0.84,4.0
1360,16,0,0,2,3.0,7,1,2,0,0,0,0,2.58,2.0
1361,16,0,1,1,18.0,4,1,3,1,0,0,0,3.37,1.0
1362,15,1,0,2,9.0,5,1,1,0,0,0,0,3.06,1.0
1363,16,0,0,2,18.0,22,0,3,0,0,0,0,1.17,4.0
1364,18,0,0,2,12.0,19,1,2,0,0,0,0,1.35,4.0
1365,16,1,0,3,13.0,29,1,4,1,0,0,0,1.12,4.0
1366,17,0,0,2,16.0,13,0,3,1,0,1,0,2.58,2.0
1367,16,0,2,2,13.0,21,0,3,0,1,0,0,1.63,4.0
1368,15,0,0,0,8.0,22,0,3,0,0,0,1,0.93,4.0
1369,16,1,2,0,10.0,10,1,1,0,1,0,1,2.7,2.0
1370,17,0,1,1,16.0,5,1,1,1,0,0,0,2.96,2.0
1371,17,1,0,0,7.0,10,1,2,0,1,0,0,2.27,3.0
1372,18,0,0,2,8.0,12,1,1,1,0,0,0,1.75,4.0
1373,16,0,0,2,2.0,11,1,1,0,1,0,0,2.02,3.0
1374,17,1,1,1,18.0,21,1,2,0,0,0,0,1.68,4.0
1375,15,0,0,3,2.0,1,1,3,0,1,1,0,3.66,0.0
1376,18,0,0,1,13.0,20,0,0,1,1,0,0,1.36,4.0
1377,15,1,0,1,8.0,2,0,1,1,0,0,0,2.81,2.0
1378,16,1,1,1,8.0,22,0,2,1,0,0,0,1.3,4.0
1379,16,1,3,1,14.0,3,1,2,0,1,0,1,3.38,1.0
1380,16,1,0,1,1.0,16,0,1,0,1,0,0,1.38,4.0
1381,18,1,2,2,12.0,27,0,4,0,1,0,0,0.73,4.0
1382,17,0,1,2,15.0,27,0,2,0,1,0,0,0.4,4.0
1383,18,1,3,4,17.0,21,0,2,0,1,1,0,1.73,4.0
1384,15,0,2,0,3.0,5,0,0,0,0,0,0,2.62,2.0
1385,18,0,1,1,18.0,6,0,2,0,0,1,1,2.99,2.0
1386,15,0,1,0,13.0,14,0,3,0,0,0,0,2.13,3.0
1387,18,1,2,2,18.0,10,0,1,1,0,1,0,2.71,2.0
1388,17,1,0,0,10.0,23,0,2,0,0,0,0,0.82,4.0
1389,15,0,0,3,11.0,2,0,0,1,0,0,0,2.52,2.0
1390,16,1,0,2,18.0,29,0,4,0,0,0,0,0.91,4.0
1391,16,1,2,2,18.0,5,0,0,1,0,0,0,3.06,1.0
1392,18,1,2,2,9.0,25,0,3,0,0,0,1,0.84,4.0
1393,16,1,0,1,5.0,1,0,2,0,0,0,0,2.83,2.0
1394,15,0,1,1,8.0,28,1,2,1,0,0,0,0.79,4.0
1395,16,0,0,1,8.0,13,0,3,0,0,0,1,1.89,4.0
1396,17,1,0,2,6.0,8,0,1,1,1,0,0,2.7,2.0
1397,17,0,3,1,5.0,17,0,2,1,0,0,0,1.52,4.0
1398,18,1,0,1,17.0,18,0,2,0,1,0,0,1.88,4.0
1399,15,1,0,4,1.0,11,0,0,1,0,1,0,2.04,3.0
1400,17,0,1,0,14.0,12,0,3,1,0,0,0,2.52,2.0
1401,17,0,2,3,3.0,25,0,0,0,0,0,0,0.14,4.0
1402,15,0,0,2,7.0,11,0,3,1,0,0,0,1.97,4.0
1403,16,1,1,1,1.0,11,0,2,1,0,1,0,2.19,3.0
1404,16,0,1,1,5.0,17,1,1,0,0,1,0,1.72,4.0
1405,18,1,0,1,15.0,8,0,3,0,1,0,0,2.51,2.0
1406,16,0,0,2,18.0,16,1,2,0,1,1,0,2.43,3.0
1407,15,0,1,2,4.0,20,0,2,1,1,0,0,1.36,4.0
1408,17,1,0,2,9.0,15,0,2,1,1,0,1,1.55,4.0
1409,16,1,3,3,9.0,16,0,1,1,0,0,1,1.62,4.0
1410,18,1,2,2,17.0,20,1,3,0,0,0,0,2.02,3.0
1411,16,1,3,1,15.0,23,0,2,0,0,0,1,0.98,4.0
1412,15,1,0,1,10.0,7,0,1,1,0,0,1,2.06,3.0
1413,18,1,3,3,13.0,10,0,3,0,1,0,0,2.64,2.0
1414,16,1,0,1,17.0,23,0,0,1,1,0,0,1.35,4.0
1415,18,1,0,0,0.0,1,1,1,1,1,0,0,3.06,1.0
1416,15,0,0,2,8.0,7,0,2,0,1,0,0,2.51,2.0
1417,17,1,0,2,18.0,11,0,3,0,0,0,0,2.34,3.0
1418,15,1,1,3,15.0,20,0,4,0,0,0,0,1.58,4.0
1419,15,0,0,2,11.0,0,0,3,1,0,1,0,3.57,0.0
1420,15,1,0,0,11.0,22,0,2,1,1,0,0,1.6,4.0
1421,15,0,1,3,7.0,12,0,3,1,1,0,0,2.64,2.0
1422,17,0,0,1,10.0,21,0,2,0,0,0,1,0.91,4.0
1423,17,1,1,1,13.0,20,1,1,0,0,0,0,1.58,4.0
1424,18,0,0,2,8.0,16,0,4,1,0,1,0,1.79,4.0
1425,16,1,2,0,14.0,13,1,1,0,0,0,0,1.88,4.0
1426,17,0,2,2,17.0,13,0,2,1,1,0,0,2.56,2.0
1427,17,0,0,1,3.0,15,0,3,0,0,0,0,1.57,4.0
1428,16,0,0,2,9.0,16,0,3,0,0,1,0,1.81,4.0
1429,17,1,0,1,8.0,5,1,0,0,0,0,0,2.58,2.0
1430,15,1,2,2,14.0,25,0,0,0,1,0,1,0.53,4.0
1431,15,0,0,3,5.0,27,0,2,1,0,0,0,0.71,4.0
1432,16,0,0,1,13.0,6,0,2,0,0,0,1,2.74,2.0
1433,18,1,0,1,18.0,25,1,2,1,0,0,0,1.27,4.0
1434,18,1,0,1,8.0,25,0,2,0,0,0,0,0.75,4.0
1435,16,0,0,1,18.0,0,0,4,0,0,0,0,3.75,0.0
1436,16,0,2,2,20.0,24,0,1,0,1,1,0,1.16,4.0
1437,15,1,0,2,2.0,14,1,2,0,1,0,0,1.87,4.0
1438,18,1,0,1,5.0,19,1,2,0,0,0,0,1.07,4.0
1439,17,1,2,1,19.0,20,0,1,1,0,0,0,1.31,4.0
1440,15,1,2,1,19.0,17,0,1,0,1,0,0,1.7,4.0
1441,16,1,0,2,2.0,29,1,4,0,0,0,0,0.54,4.0
1442,18,0,0,1,0.0,27,1,3,0,0,0,0,0.34,4.0
1443,17,1,0,4,3.0,25,0,1,0,0,0,1,0.27,4.0
1444,17,0,3,2,20.0,12,1,3,0,0,0,0,2.5,2.0
1445,15,1,0,1,4.0,23,0,1,1,0,0,0,0.53,4.0
1446,18,0,3,2,10.0,29,0,3,0,1,1,0,0.82,4.0
1447,18,1,1,3,17.0,1,1,0,0,1,0,0,3.41,1.0
1448,16,1,1,2,0.0,18,0,3,1,0,0,0,1.35,4.0
1449,18,0,0,1,12.0,14,1,0,0,1,0,1,2.03,3.0
1450,18,0,0,1,6.0,11,0,2,0,0,1,0,1.77,4.0
1451,15,1,0,3,17.0,14,0,3,0,0,1,0,1.99,4.0
1452,18,1,0,2,6.0,24,1,1,0,0,1,0,0.75,4.0
1453,17,1,1,2,14.0,17,0,2,0,0,0,0,1.49,4.0
1454,15,1,3,3,13.0,13,0,0,1,1,0,0,2.16,3.0
1455,15,1,1,3,4.0,5,1,3,1,1,0,1,3.11,1.0
1456,16,0,2,3,1.0,11,0,2,1,1,0,0,2.0,4.0
1457,18,0,0,0,8.0,19,0,2,0,0,0,1,1.36,4.0
1458,16,1,0,2,6.0,22,1,4,1,0,0,0,1.31,4.0
1459,17,0,0,2,16.0,29,0,2,0,0,0,0,0.59,4.0
1460,15,0,1,2,16.0,29,1,0,0,1,1,0,0.68,4.0
1461,15,0,3,2,9.0,5,1,3,0,0,0,0,2.82,2.0
1462,15,1,1,1,12.0,25,0,3,0,0,1,0,0.74,4.0
1463,17,0,0,2,12.0,29,0,4,1,0,0,1,0.73,4.0
1464,17,1,0,2,17.0,8,1,1,1,0,0,0,2.93,2.0
1465,16,0,1,0,9.0,29,0,2,1,1,0,0,0.55,4.0
1466,16,1,0,2,6.0,24,0,3,1,1,0,0,1.3,4.0
1467,16,0,2,1,5.0,25,0,3,1,1,0,1,1.19,4.0
1468,18,1,2,1,11.0,3,0,3,0,1,0,1,3.33,1.0
1469,15,1,1,0,9.0,16,0,1,0,0,0,0,1.49,4.0
1470,15,0,0,2,9.0,1,1,1,1,0,1,0,3.31,1.0
1471,16,1,0,2,2.0,15,1,1,0,0,0,0,1.61,4.0
1472,15,1,0,2,14.0,23,0,4,1,1,0,0,2.06,3.0
1473,16,1,0,2,4.0,13,0,1,0,0,0,0,1.67,4.0
1474,18,1,0,3,4.0,25,0,2,0,0,1,0,0.49,4.0
1475,18,1,1,1,8.0,7,0,2,0,0,0,1,2.23,3.0
1476,17,1,1,1,5.0,13,1,2,1,0,1,0,2.26,3.0
1477,18,1,0,3,12.0,1,1,2,0,0,0,0,3.45,1.0
1478,16,1,0,1,7.0,15,1,3,1,0,0,0,2.16,3.0
1479,18,0,0,4,9.0,3,0,2,0,1,0,0,2.75,2.0
1480,17,0,0,3,11.0,0,0,1,1,0,0,1,3.32,1.0
1481,15,1,2,2,4.0,22,0,2,0,0,0,0,0.91,4.0
1482,16,1,0,4,3.0,19,0,3,0,1,0,0,1.17,4.0
1483,15,0,0,0,18.0,26,0,4,0,0,0,0,1.22,4.0
1484,17,0,0,1,9.0,13,1,3,0,0,1,0,2.33,3.0
1485,17,0,2,2,8.0,7,1,3,0,0,0,0,2.84,2.0
1486,17,1,1,1,1.0,24,1,2,1,0,0,0,0.97,4.0
1487,15,0,0,3,10.0,27,1,3,0,0,0,1,0.86,4.0
1488,15,1,1,0,11.0,24,0,4,0,0,0,0,0.95,4.0
1489,15,1,2,2,11.0,2,0,2,0,1,0,0,3.24,1.0
1490,15,0,3,2,14.0,4,0,0,0,0,0,0,2.53,2.0
1491,17,1,0,2,4.0,5,0,4,0,0,0,0,2.77,2.0
1492,17,1,2,1,5.0,21,0,3,0,0,0,0,0.95,4.0
1493,16,1,3,1,16.0,25,1,2,0,1,0,0,1.32,4.0
1494,16,1,3,3,19.0,7,0,4,0,1,1,0,3.32,1.0
1495,15,0,1,1,3.0,5,0,2,0,0,1,0,2.33,3.0
1496,18,0,1,3,10.0,5,0,2,1,0,0,0,2.91,2.0
1497,18,1,0,2,4.0,3,0,3,0,1,1,0,3.34,1.0
1498,17,1,2,2,1.0,6,0,1,0,0,0,0,2.17,3.0
1499,17,0,1,2,7.0,29,0,3,0,0,0,1,0.21,4.0
1500,17,1,1,1,3.0,29,0,1,0,0,0,0,0.0,4.0
1501,16,0,0,2,14.0,23,1,1,0,0,0,0,0.89,4.0
1502,16,1,2,3,11.0,18,0,2,1,0,1,0,1.83,4.0
1503,17,1,2,2,3.0,6,0,2,0,0,0,0,2.47,3.0
1504,17,0,0,4,0.0,2,0,1,1,0,0,0,2.65,2.0
1505,17,0,2,2,16.0,7,1,4,0,0,0,0,3.16,1.0
1506,18,0,1,1,4.0,0,0,2,1,0,0,0,2.91,2.0
1507,16,0,2,1,12.0,0,1,1,1,0,1,0,3.73,0.0
1508,18,1,0,4,7.0,13,1,2,0,1,0,0,2.11,3.0
1509,18,0,0,1,12.0,5,1,3,0,0,0,0,2.55,2.0
1510,17,1,3,3,6.0,9,0,2,0,0,0,1,2.12,3.0
1511,17,0,0,3,2.0,24,0,1,1,0,0,0,0.48,4.0
1512,15,0,2,1,4.0,27,0,1,0,0,0,0,0.0,4.0
1513,15,1,0,0,4.0,13,0,2,0,0,0,0,1.81,4.0
1514,18,0,1,2,9.0,3,0,2,0,0,0,1,2.67,2.0
1515,16,0,0,1,13.0,5,1,3,0,0,1,0,3.1,1.0
1516,17,0,1,2,5.0,15,1,4,1,0,0,0,2.43,3.0
1517,17,0,0,2,0.0,27,0,1,1,1,1,0,0.59,4.0
1518,18,1,0,2,10.0,20,0,3,0,1,1,1,1.42,4.0
1519,15,1,0,2,12.0,27,1,4,0,1,1,0,1.36,4.0
1520,16,0,0,1,19.0,0,0,4,0,0,0,0,3.52,0.0
1521,15,0,3,2,12.0,5,0,4,1,0,1,0,3.06,1.0
1522,15,0,3,1,9.0,8,0,3,1,1,0,0,2.57,2.0
1523,15,1,0,1,11.0,14,1,2,0,0,0,1,2.13,3.0
1524,15,1,2,2,19.0,11,0,2,0,1,0,1,2.3,3.0
1525,17,1,0,3,17.0,2,1,2,1,0,0,0,3.35,1.0
1526,17,1,1,1,6.0,10,0,3,0,0,1,0,2.25,3.0
1527,15,0,2,2,5.0,14,0,2,0,0,0,0,2.06,3.0
1528,16,0,3,2,5.0,2,0,1,0,0,0,0,2.71,2.0
1529,18,0,0,1,10.0,13,0,1,0,0,0,0,1.82,4.0
1530,16,1,2,1,15.0,1,0,3,0,0,1,0,3.26,1.0
1531,16,0,0,3,10.0,28,0,3,1,0,0,0,0.74,4.0
1532,16,1,3,2,1.0,3,1,2,0,0,1,1,2.94,2.0
1533,15,1,0,2,14.0,25,0,1,0,0,0,0,0.45,4.0
1534,17,0,1,2,16.0,18,1,3,0,0,0,0,1.84,4.0
1535,16,0,1,0,6.0,11,1,0,1,0,0,0,1.9,4.0
1536,15,0,1,2,13.0,1,1,2,0,0,0,0,3.38,1.0
1537,16,1,0,2,9.0,16,1,2,0,0,0,1,1.67,4.0
1538,16,1,3,2,18.0,2,0,4,0,0,0,0,3.31,1.0
1539,15,0,0,1,17.0,9,0,2,1,1,0,0,2.76,2.0
1540,17,0,1,0,11.0,15,1,2,0,0,0,1,2.04,3.0
1541,17,1,0,1,14.0,21,1,3,0,1,0,0,1.49,4.0
1542,18,0,0,4,18.0,8,1,2,0,1,0,1,2.87,2.0
1543,15,1,1,2,10.0,10,0,1,0,0,0,0,2.02,3.0
1544,18,1,0,2,6.0,20,0,2,1,0,0,0,1.07,4.0
1545,18,0,0,0,15.0,14,0,4,1,0,0,0,2.61,2.0
1546,18,0,0,0,4.0,2,1,2,0,0,1,1,3.36,1.0
1547,17,0,0,2,8.0,15,0,3,0,1,0,0,2.13,3.0
1548,15,0,2,2,17.0,29,0,4,0,1,0,0,1.05,4.0
1549,18,1,2,2,14.0,20,0,3,0,0,0,1,1.58,4.0
1550,15,1,0,1,8.0,20,0,3,1,0,0,0,1.4,4.0
1551,15,1,0,2,4.0,20,0,3,0,1,0,0,1.17,4.0
1552,17,0,0,1,7.0,27,1,4,0,1,0,0,0.96,4.0
1553,18,1,0,1,6.0,11,1,4,1,0,0,0,2.31,3.0
1554,18,0,1,2,4.0,22,0,4,0,0,0,0,0.94,4.0
1555,15,0,1,1,15.0,4,0,3,0,0,0,1,2.94,2.0
1556,16,0,0,1,5.0,6,1,2,1,0,0,1,2.77,2.0
1557,17,0,0,2,9.0,8,0,1,1,1,0,0,3.03,1.0
1558,17,0,0,2,8.0,20,1,2,1,1,0,0,1.54,4.0
1559,17,0,2,3,20.0,17,0,4,1,1,1,0,2.5,3.0
1560,17,1,3,2,8.0,20,0,3,0,0,0,0,1.62,4.0
1561,18,0,0,0,2.0,7,0,2,0,1,0,0,2.21,3.0
1562,18,1,0,1,2.0,11,1,2,0,0,0,1,1.8,4.0
1563,16,1,2,4,12.0,19,0,2,1,0,1,0,1.57,4.0
1564,17,0,3,2,12.0,1,0,2,0,0,0,0,2.92,2.0
1565,17,0,0,2,8.0,9,0,3,0,0,0,0,2.52,2.0
1566,15,0,0,0,9.0,18,0,2,1,0,0,0,1.49,4.0
1567,18,1,0,2,1.0,8,0,1,0,0,0,0,1.66,4.0
1568,17,0,1,0,10.0,24,0,2,0,0,0,0,0.77,4.0
1569,16,1,0,2,10.0,23,0,1,0,1,0,0,0.89,4.0
1570,16,0,0,3,3.0,7,0,4,0,0,0,0,2.22,3.0
1571,18,0,1,4,2.0,23,0,2,0,0,0,0,0.65,4.0
1572,16,1,0,2,2.0,23,0,4,0,0,0,0,0.97,4.0
1573,16,1,2,2,2.0,23,0,1,0,1,0,0,0.34,4.0
1574,18,0,0,3,12.0,0,0,1,0,0,0,0,2.77,2.0
1575,17,1,0,2,4.0,5,0,3,0,0,0,0,2.5,3.0
1576,17,1,1,0,5.0,11,0,3,0,1,0,1,2.08,3.0
1577,16,1,0,2,3.0,24,0,2,0,0,1,0,0.77,4.0
1578,16,1,3,1,19.0,23,0,1,0,0,1,0,0.99,4.0
1579,17,1,1,2,17.0,18,0,0,0,1,0,0,1.38,4.0
1580,18,0,0,2,5.0,26,0,3,1,0,0,0,0.48,4.0
1581,16,0,2,2,7.0,16,0,1,1,1,0,0,1.84,4.0
1582,15,1,0,1,4.0,1,1,2,0,0,0,0,2.92,2.0
1583,18,0,3,1,10.0,10,1,3,0,0,0,1,2.29,3.0
1584,16,0,0,2,0.0,17,0,0,0,0,0,0,0.82,4.0
1585,16,1,1,3,13.0,22,0,1,1,1,0,0,1.47,4.0
1586,15,0,0,2,10.0,27,1,0,1,0,0,0,0.65,4.0
1587,15,1,0,1,18.0,21,1,4,0,0,1,0,1.83,4.0
1588,17,1,2,3,3.0,10,0,2,1,0,1,0,2.17,3.0
1589,18,0,2,3,16.0,17,0,4,1,0,0,0,1.81,4.0
1590,18,1,0,1,16.0,7,0,1,0,1,0,0,3.01,1.0
1591,17,1,0,0,3.0,14,0,3,0,1,0,0,2.14,3.0
1592,18,1,2,2,8.0,8,0,1,0,0,1,0,2.3,3.0
1593,18,1,3,3,3.0,14,0,2,0,0,0,0,1.5,4.0
1594,18,1,0,4,5.0,6,1,3,0,0,0,0,2.53,2.0
1595,18,0,0,3,5.0,19,0,3,1,0,0,0,1.38,4.0
1596,18,0,0,2,11.0,12,0,3,0,1,0,0,2.46,3.0
1597,15,1,2,2,8.0,12,0,3,0,0,0,1,2.14,3.0
1598,18,1,0,0,19.0,0,0,1,1,0,1,0,3.48,1.0
1599,15,0,0,1,3.0,19,0,2,0,0,0,0,1.14,4.0
1600,18,1,2,2,19.0,3,0,2,0,0,0,0,3.32,1.0
1601,17,0,0,2,5.0,23,0,3,0,0,1,0,0.95,4.0
1602,16,1,0,2,15.0,3,0,1,0,1,1,0,3.36,1.0
1603,15,1,0,2,7.0,3,1,4,0,0,0,0,3.58,0.0
1604,18,1,0,1,3.0,12,0,2,1,0,0,1,2.27,3.0
1605,17,1,0,2,17.0,1,0,3,0,0,1,1,3.39,1.0
1606,16,1,1,0,6.0,27,0,1,0,1,0,0,0.42,4.0
1607,15,1,0,2,13.0,25,0,2,0,0,0,0,0.84,4.0
1608,16,1,1,2,11.0,22,0,3,1,0,0,0,1.29,4.0
1609,17,0,2,2,9.0,14,0,2,1,0,0,0,2.13,3.0
1610,15,0,2,4,10.0,3,0,4,1,0,0,0,3.31,1.0
1611,16,0,0,1,15.0,26,0,3,0,1,0,0,0.96,4.0
1612,18,1,0,2,2.0,5,1,2,1,0,0,0,2.54,2.0
1613,15,1,0,1,13.0,2,0,3,1,0,0,0,3.01,1.0
1614,16,1,0,2,18.0,6,0,3,1,0,1,0,3.17,1.0
1615,17,1,0,3,1.0,5,0,3,0,0,0,1,1.9,4.0
1616,17,1,1,2,3.0,2,1,1,0,0,0,0,3.03,1.0
1617,15,1,0,3,14.0,3,0,2,0,1,1,0,3.46,1.0
1618,16,1,0,1,9.0,9,0,3,0,0,0,0,2.45,3.0
1619,15,0,0,3,8.0,29,1,3,1,1,0,0,1.16,4.0
1620,15,1,1,0,3.0,20,0,2,0,0,0,0,0.83,4.0
1621,16,0,0,3,10.0,8,0,1,0,1,0,0,2.4,3.0
1622,16,0,1,1,3.0,29,0,2,0,0,0,0,0.0,4.0
1623,18,1,0,1,10.0,5,1,0,0,0,0,0,2.76,2.0
1624,16,1,2,2,15.0,28,1,3,0,0,0,0,0.35,4.0
1625,17,0,2,3,5.0,19,1,3,0,0,0,0,1.68,4.0
1626,15,0,0,0,10.0,26,1,2,1,0,0,0,0.57,4.0
1627,15,1,0,1,20.0,10,1,3,0,1,1,1,3.1,1.0
1628,17,1,0,3,14.0,6,0,2,1,1,0,0,2.8,2.0
1629,16,0,0,1,17.0,17,1,3,0,0,1,0,2.13,3.0
1630,17,1,1,1,8.0,3,0,1,1,0,0,0,2.69,2.0
1631,17,1,2,2,15.0,4,0,2,0,0,0,0,2.78,2.0
1632,18,1,1,1,1.0,3,0,3,0,1,1,0,3.13,1.0
1633,17,0,2,3,2.0,3,0,1,0,0,1,0,2.62,2.0
1634,15,0,0,2,4.0,26,1,2,0,0,0,0,0.77,4.0
1635,17,0,0,2,8.0,12,0,2,0,1,1,0,2.27,3.0
1636,15,1,2,4,17.0,15,0,1,1,0,0,0,1.54,4.0
1637,15,1,0,2,7.0,24,0,1,0,1,0,1,1.13,4.0
1638,15,0,1,0,13.0,13,1,1,0,0,0,0,1.6,4.0
1639,16,0,0,1,14.0,10,0,4,1,1,1,0,3.14,1.0
1640,18,0,0,2,12.0,28,0,3,0,0,1,1,0.8,4.0
1641,15,1,3,1,7.0,1,0,2,0,0,0,0,2.97,2.0
1642,15,0,0,3,12.0,21,0,3,1,1,0,1,1.56,4.0
1643,16,0,3,2,7.0,13,0,0,0,0,1,0,1.85,4.0
1644,15,1,3,1,2.0,23,0,2,1,0,0,0,0.97,4.0
1645,17,1,2,2,20.0,23,1,1,1,0,0,0,1.39,4.0
1646,17,1,1,2,3.0,26,0,1,1,0,0,0,0.24,4.0
1647,18,0,1,3,1.0,6,0,3,1,1,0,0,2.63,2.0
1648,15,1,2,3,18.0,25,0,1,0,0,0,1,0.53,4.0
1649,16,1,0,2,6.0,10,0,3,0,1,0,1,2.32,3.0
1650,17,0,0,2,13.0,3,0,2,1,0,0,0,2.76,2.0
1651,16,1,1,2,7.0,6,0,0,0,0,0,0,2.1,3.0
1652,16,0,0,2,8.0,28,0,3,0,1,0,0,0.75,4.0
1653,17,0,0,1,5.0,15,1,2,1,0,0,0,1.79,4.0
1654,16,1,0,1,7.0,25,0,2,0,1,0,0,0.7,4.0
1655,17,1,1,2,8.0,5,0,1,0,0,0,0,2.46,3.0
1656,16,1,2,1,14.0,26,0,0,0,0,0,0,0.43,4.0
1657,17,1,0,0,10.0,5,0,4,0,0,1,0,3.02,1.0
1658,15,1,3,2,19.0,1,0,2,0,0,0,0,3.62,0.0
1659,18,1,1,0,1.0,23,0,0,1,0,0,0,0.43,4.0
1660,17,0,2,2,10.0,7,1,3,1,0,0,0,2.74,2.0
1661,17,0,1,2,12.0,29,0,1,1,0,0,1,0.22,4.0
1662,18,1,2,4,18.0,26,0,1,0,0,1,0,1.01,4.0
1663,17,0,0,2,1.0,6,1,1,0,0,0,0,2.57,2.0
1664,17,1,2,0,11.0,26,0,2,0,0,0,1,0.2,4.0
1665,16,0,0,2,17.0,24,1,0,0,0,0,0,0.8,4.0
1666,18,0,2,3,5.0,23,0,2,0,0,0,1,0.54,4.0
1667,15,0,3,4,18.0,13,0,3,0,0,1,0,2.48,3.0
1668,17,1,0,2,0.0,8,0,1,0,0,0,1,1.63,4.0
1669,18,0,0,1,15.0,14,1,2,0,0,0,0,2.4,3.0
1670,16,1,2,3,19.0,24,1,2,1,0,1,0,1.27,4.0
1671,15,0,0,1,13.0,21,0,2,0,1,0,0,1.27,4.0
1672,18,0,2,2,9.0,17,0,4,1,0,0,0,1.62,4.0
1673,15,0,0,2,1.0,11,0,2,0,0,0,0,1.86,4.0
1674,15,0,0,0,18.0,22,0,0,0,1,0,0,0.64,4.0
1675,15,0,3,1,9.0,18,0,2,0,0,1,0,1.4,4.0
1676,17,1,1,1,1.0,12,0,1,0,0,0,0,1.43,4.0
1677,17,1,2,2,14.0,6,0,3,0,1,1,0,2.93,2.0
1678,16,0,0,3,10.0,24,0,0,0,0,0,0,0.63,4.0
1679,16,0,1,1,2.0,9,0,1,1,1,0,1,2.57,2.0
1680,18,0,1,3,4.0,29,1,2,0,1,0,0,0.4,4.0
1681,16,0,1,0,1.0,9,1,1,0,0,0,0,2.06,3.0
1682,15,1,1,2,11.0,1,0,2,0,1,0,0,3.12,1.0
1683,15,0,1,0,12.0,13,1,1,0,1,0,0,1.92,4.0
1684,17,1,0,3,10.0,12,0,4,1,0,1,0,2.33,3.0
1685,15,0,0,2,16.0,21,1,1,0,1,0,0,1.27,4.0
1686,18,1,2,2,17.0,28,0,4,0,0,0,0,1.07,4.0
1687,15,0,0,3,12.0,5,0,2,0,0,1,0,2.91,2.0
1688,15,0,1,2,0.0,8,1,3,1,0,1,1,2.57,2.0
1689,18,1,0,4,14.0,12,0,1,0,0,0,1,1.69,4.0
1690,16,0,1,2,8.0,8,1,3,1,0,1,0,2.8,2.0
1691,16,0,2,3,11.0,12,1,2,0,0,0,1,1.81,4.0
1692,18,0,0,2,13.0,4,1,2,1,0,0,0,3.34,1.0
1693,17,1,0,1,7.0,13,0,3,1,0,1,0,2.18,3.0
1694,15,0,0,2,18.0,4,0,2,1,0,0,0,3.49,1.0
1695,18,0,1,1,3.0,8,0,2,0,0,1,0,1.81,4.0
1696,15,1,2,2,13.0,7,1,0,0,0,1,1,2.77,2.0
1697,17,1,0,2,0.0,6,0,1,0,1,0,0,2.44,3.0
1698,15,1,2,2,18.0,7,0,2,0,0,0,0,2.87,2.0
1699,18,0,0,0,2.0,21,0,0,0,0,0,0,0.52,4.0
1700,15,0,0,1,2.0,2,0,1,1,0,0,0,2.89,2.0
1701,16,0,3,2,7.0,22,0,1,0,0,0,0,0.71,4.0
1702,17,1,0,4,7.0,23,0,1,0,0,0,0,0.42,4.0
1703,17,0,0,1,4.0,14,1,2,1,1,1,0,2.25,3.0
1704,17,0,0,2,12.0,7,0,2,0,1,1,0,2.72,2.0
1705,18,1,0,2,9.0,0,1,4,1,0,0,0,4.0,0.0
1706,17,1,0,2,1.0,6,0,2,1,0,0,0,2.68,2.0
1707,16,1,0,1,6.0,18,0,4,1,0,0,0,1.85,4.0
1708,18,1,1,2,16.0,1,0,3,1,0,0,0,3.55,0.0
1709,16,1,0,1,14.0,13,0,4,0,0,1,1,1.95,4.0
1710,15,0,1,4,14.0,17,0,3,0,0,0,0,1.85,4.0
1711,15,1,0,1,14.0,29,1,3,0,0,0,0,0.88,4.0
1712,15,0,0,1,6.0,14,0,2,0,0,1,0,1.79,4.0
1713,15,0,1,0,2.0,13,0,1,0,1,1,0,1.86,4.0
1714,16,1,3,1,5.0,23,0,1,1,0,0,0,0.55,4.0
1715,18,1,0,2,17.0,24,1,4,0,1,0,0,1.58,4.0
1716,18,1,2,1,20.0,18,0,4,0,0,1,1,1.87,4.0
1717,17,0,1,0,10.0,29,0,3,1,0,0,1,0.52,4.0
1718,16,1,1,2,0.0,18,0,3,0,0,0,0,1.33,4.0
1719,15,1,1,0,3.0,21,1,4,0,1,0,1,1.62,4.0
1720,16,1,0,0,6.0,26,0,2,0,1,0,1,0.38,4.0
1721,17,1,0,3,12.0,25,0,3,1,0,0,0,1.36,4.0
1722,17,1,1,2,2.0,16,0,2,1,0,0,0,1.48,4.0
1723,16,0,0,3,19.0,21,1,2,1,0,0,0,1.58,4.0
1724,16,0,3,3,7.0,27,0,0,0,0,0,0,0.0,4.0
1725,16,0,0,2,18.0,18,1,2,1,0,0,0,1.89,4.0
1726,18,1,0,0,16.0,26,0,3,0,0,0,0,0.86,4.0
1727,15,1,2,2,15.0,15,0,2,0,0,0,0,1.49,4.0
1728,16,1,0,3,12.0,19,0,3,0,0,0,1,1.47,4.0
1729,16,0,1,2,13.0,24,1,2,0,0,1,0,1.34,4.0
1730,16,1,1,2,13.0,18,0,1,0,0,0,0,1.36,4.0
1731,17,1,3,1,13.0,0,1,3,1,0,0,0,3.83,0.0
1732,17,1,2,3,11.0,18,0,3,0,0,0,0,1.6,4.0
1733,18,0,1,2,20.0,6,1,1,0,1,1,0,3.32,1.0
1734,15,1,1,4,15.0,28,0,2,0,0,0,0,0.65,4.0
1735,18,0,3,1,16.0,22,0,2,0,0,0,0,1.02,4.0
1736,15,1,0,1,17.0,10,0,4,0,0,0,1,2.44,3.0
1737,17,0,0,1,4.0,4,0,3,1,1,0,0,3.15,1.0
1738,17,0,0,2,2.0,29,0,1,1,0,0,0,0.22,4.0
1739,17,0,0,1,10.0,16,0,2,1,1,0,0,1.81,4.0
1740,18,1,1,0,10.0,10,0,3,1,0,0,0,2.78,2.0
1741,16,1,1,4,17.0,23,0,3,0,0,0,1,1.22,4.0
1742,16,0,1,0,9.0,25,0,3,1,0,0,0,1.1,4.0
1743,17,0,0,3,11.0,7,0,1,0,0,0,0,2.06,3.0
1744,16,1,2,1,11.0,9,0,3,0,0,0,0,2.52,2.0
1745,16,1,0,3,1.0,11,0,3,0,0,0,0,1.97,4.0
1746,18,0,1,2,12.0,9,0,3,0,0,0,0,2.84,2.0
1747,15,1,1,3,17.0,12,0,2,0,0,0,0,2.2,3.0
1748,17,1,0,3,3.0,25,1,3,0,0,0,0,0.93,4.0
1749,17,1,0,0,12.0,17,1,3,0,0,1,0,1.84,4.0
1750,18,1,0,0,12.0,9,0,3,1,0,0,0,2.67,2.0
1751,18,0,2,1,3.0,18,0,2,0,0,0,0,1.33,4.0
1752,16,1,3,2,2.0,19,0,1,0,0,0,1,0.75,4.0
1753,17,1,1,3,20.0,16,0,2,1,0,0,1,1.85,4.0
1754,15,0,0,2,8.0,19,0,2,0,0,0,0,1.54,4.0
1755,18,0,0,2,5.0,15,0,2,1,0,0,0,1.58,4.0
1756,15,1,2,1,3.0,4,0,2,1,0,0,0,2.88,2.0
1757,15,1,2,3,13.0,2,0,2,0,0,1,0,3.05,1.0
1758,17,1,0,4,12.0,29,0,3,0,0,0,0,0.33,4.0
1759,17,1,0,1,13.0,26,0,1,0,1,0,0,0.61,4.0
1760,18,0,2,2,2.0,14,0,2,0,0,0,0,1.57,4.0
1761,17,0,0,0,18.0,25,0,3,0,0,0,0,1.22,4.0
1762,17,0,0,2,8.0,1,0,2,0,1,0,1,3.02,1.0
1763,17,1,0,2,6.0,12,1,2,0,0,0,1,2.26,3.0
1764,15,1,1,1,9.0,21,1,2,0,1,0,0,1.46,4.0
1765,18,1,2,2,8.0,7,0,2,0,0,1,0,2.45,3.0
1766,16,1,3,1,17.0,22,0,1,1,0,0,0,1.28,4.0
1767,15,0,1,2,19.0,26,0,2,0,0,0,0,1.04,4.0
1768,17,0,1,2,6.0,29,0,4,1,1,1,1,1.04,4.0
1769,15,1,0,0,17.0,16,0,2,0,0,0,1,1.57,4.0
1770,17,0,1,2,16.0,3,0,0,1,0,0,0,2.9,2.0
1771,17,1,0,2,19.0,18,0,3,0,0,0,0,1.82,4.0
1772,15,1,1,1,5.0,21,0,2,0,0,0,0,0.73,4.0
1773,18,0,0,0,12.0,24,1,1,0,0,0,0,0.9,4.0
1774,17,1,0,2,5.0,8,1,3,0,0,0,1,2.42,3.0
1775,18,1,0,4,16.0,22,0,1,0,0,1,0,1.22,4.0
1776,16,0,0,1,0.0,14,0,4,0,0,0,0,2.0,4.0
1777,17,1,0,1,11.0,27,0,2,0,1,0,0,0.62,4.0
1778,18,1,0,1,7.0,8,1,3,0,0,1,0,2.9,2.0
1779,18,0,3,2,6.0,23,1,2,0,1,0,0,1.35,4.0
1780,16,1,0,1,13.0,20,1,1,0,0,1,0,1.35,4.0
1781,18,0,1,1,17.0,8,0,3,0,0,0,0,2.75,2.0
1782,18,1,2,2,12.0,13,1,4,1,0,1,0,2.99,2.0
1783,16,0,3,2,17.0,22,0,3,0,0,0,0,1.59,4.0
1784,17,0,1,1,5.0,20,1,3,1,0,1,0,1.65,4.0
1785,18,0,2,2,10.0,15,1,4,0,1,0,1,2.14,3.0
1786,18,1,0,2,9.0,23,0,1,0,0,0,0,0.74,4.0
1787,18,0,0,0,0.0,22,0,0,0,0,0,0,0.35,4.0
1788,15,0,0,0,11.0,24,1,0,0,0,0,0,0.69,4.0
1789,16,0,1,3,13.0,25,0,3,1,0,0,0,0.94,4.0
1790,15,0,1,0,12.0,16,0,3,0,0,0,0,1.88,4.0
1791,16,0,0,2,15.0,12,0,3,1,1,0,0,2.47,3.0
1792,17,1,0,3,11.0,8,0,4,0,0,0,1,2.51,2.0
1793,17,1,1,1,1.0,14,0,3,0,0,0,0,1.56,4.0
1794,18,1,0,1,2.0,6,0,2,0,0,0,0,2.46,3.0
1795,16,1,1,2,12.0,0,0,1,0,0,0,0,2.74,2.0
1796,17,1,1,3,5.0,0,0,4,0,1,0,0,3.26,1.0
1797,16,1,2,3,2.0,4,0,1,0,0,1,1,2.28,3.0
1798,17,1,2,2,9.0,23,0,2,0,0,0,0,1.15,4.0
1799,15,0,2,0,11.0,8,0,2,1,1,0,0,2.79,2.0
1800,17,1,0,2,7.0,11,0,1,0,0,0,0,1.54,4.0
1801,15,0,2,2,14.0,5,0,3,1,0,0,0,3.06,1.0
1802,17,0,1,2,13.0,27,1,1,0,0,0,0,0.74,4.0
1803,18,1,0,0,7.0,12,0,4,0,0,0,0,2.5,3.0
1804,15,0,0,1,15.0,25,1,2,1,0,0,0,0.9,4.0
1805,17,0,0,2,13.0,27,0,3,1,0,1,0,0.77,4.0
1806,18,0,0,2,13.0,7,1,3,0,1,0,0,3.01,1.0
1807,15,0,1,1,11.0,14,0,3,0,0,0,0,1.82,4.0
1808,18,1,2,1,0.0,5,0,4,0,0,0,0,2.54,2.0
1809,16,1,0,3,14.0,26,0,1,1,0,0,0,0.65,4.0
1810,16,1,0,2,8.0,5,0,0,0,0,0,0,2.63,2.0
1811,15,1,3,1,19.0,3,0,0,1,0,0,0,2.71,2.0
1812,17,1,0,1,16.0,10,0,3,0,1,0,0,2.67,2.0
1813,15,1,0,1,12.0,20,0,4,0,0,1,0,1.71,4.0
1814,18,1,1,3,5.0,29,1,2,1,0,0,0,0.21,4.0
1815,17,1,1,2,4.0,17,0,3,1,0,0,0,1.86,4.0
1816,16,1,0,2,7.0,2,0,0,0,1,0,0,2.67,2.0
1817,17,1,0,2,10.0,2,0,1,1,0,0,0,2.72,2.0
1818,16,0,0,1,6.0,29,0,3,1,0,0,0,0.74,4.0
1819,17,1,1,3,10.0,11,1,0,1,0,0,0,2.3,3.0
1820,17,0,1,2,3.0,26,1,2,1,1,0,0,0.84,4.0
1821,17,0,0,1,20.0,20,1,3,0,1,0,0,2.13,3.0
1822,18,0,1,1,2.0,29,1,3,1,1,1,1,0.99,4.0
1823,18,0,2,2,19.0,20,0,2,1,1,0,0,1.45,4.0
1824,15,1,0,3,18.0,5,0,3,0,0,1,1,2.86,2.0
1825,15,0,0,1,11.0,20,0,2,0,0,0,0,1.18,4.0
1826,16,1,1,3,14.0,27,1,0,0,0,0,0,0.13,4.0
1827,18,1,0,2,9.0,5,1,3,1,0,0,0,3.36,1.0
1828,16,0,0,1,13.0,7,0,1,1,0,0,1,2.25,3.0
1829,15,1,1,0,7.0,14,0,0,0,1,0,0,1.69,4.0
1830,16,0,2,1,6.0,17,1,2,0,0,0,1,1.82,4.0
1831,15,0,2,2,12.0,19,0,3,0,0,0,0,1.49,4.0
1832,18,1,1,1,10.0,28,1,1,0,1,0,0,0.0,4.0
1833,17,1,2,1,12.0,15,0,0,0,0,0,1,1.57,4.0
1834,18,0,0,2,6.0,5,0,1,0,0,0,1,2.23,3.0
1835,16,1,1,2,7.0,27,0,2,1,0,0,0,0.51,4.0
1836,16,1,0,1,2.0,20,0,2,0,0,0,0,0.7,4.0
1837,18,1,0,2,1.0,16,0,1,1,1,0,0,1.82,4.0
1838,18,0,2,2,5.0,8,0,3,0,0,0,0,2.34,3.0
1839,15,0,1,2,1.0,18,1,3,1,1,0,0,1.76,4.0
1840,16,1,0,3,2.0,17,0,3,0,0,0,0,1.58,4.0
1841,16,1,3,1,16.0,24,1,2,1,0,0,0,1.51,4.0
1842,18,1,0,3,1.0,22,0,2,0,0,1,0,0.55,4.0
1843,17,1,0,2,13.0,4,1,2,0,0,0,0,3.11,1.0
1844,16,1,0,2,5.0,27,0,2,0,0,0,0,0.31,4.0
1845,17,0,2,2,17.0,5,0,0,0,0,0,0,2.23,3.0
1846,18,1,2,2,10.0,11,0,3,1,0,0,1,2.51,2.0
1847,18,0,0,1,6.0,10,0,2,0,0,0,0,1.98,4.0
1848,15,1,1,2,10.0,15,1,1,1,0,0,0,2.34,3.0
1849,16,0,0,2,8.0,19,0,1,0,0,0,1,1.26,4.0
1850,17,1,2,2,11.0,16,0,1,1,0,1,0,1.78,4.0
1851,15,0,0,1,2.0,19,1,4,0,0,0,0,1.5,4.0
1852,16,1,0,3,20.0,8,0,1,0,1,0,1,2.24,3.0
1853,15,0,3,2,9.0,0,1,3,0,1,0,0,3.82,0.0
1854,18,0,0,0,7.0,25,0,2,1,1,0,1,0.9,4.0
1855,16,0,0,2,14.0,2,1,3,0,1,0,0,3.53,0.0
1856,15,0,1,2,7.0,20,0,2,0,0,0,0,1.02,4.0
1857,15,0,3,2,17.0,22,1,4,0,0,0,0,1.96,4.0
1858,17,0,0,2,9.0,8,0,1,0,1,1,0,2.75,2.0
1859,15,1,0,3,14.0,21,0,2,0,0,1,1,1.55,4.0
1860,16,0,0,1,2.0,18,0,1,0,0,0,0,0.71,4.0
1861,16,1,1,2,17.0,12,0,2,1,1,0,0,2.82,2.0
1862,17,1,0,3,15.0,22,0,2,1,0,1,0,1.29,4.0
1863,16,1,1,3,4.0,13,0,3,1,0,0,0,2.13,3.0
1864,18,1,3,2,3.0,19,0,2,0,0,0,0,1.11,4.0
1865,16,1,0,3,6.0,18,1,0,0,0,1,0,1.26,4.0
1866,16,0,0,0,20.0,29,0,3,1,1,0,0,1.08,4.0
1867,15,0,0,3,5.0,22,1,2,0,0,0,1,0.68,4.0
1868,15,0,0,1,9.0,26,0,1,0,1,1,0,0.69,4.0
1869,16,1,2,1,1.0,26,0,4,1,1,1,0,1.02,4.0
1870,17,0,0,1,8.0,6,1,4,0,0,0,0,3.43,1.0
1871,15,0,0,2,11.0,3,1,3,0,0,0,0,3.25,1.0
1872,17,0,1,1,19.0,11,0,3,0,0,0,0,2.28,3.0
1873,16,0,0,1,10.0,22,0,0,0,1,0,0,0.83,4.0
1874,16,0,1,1,16.0,26,0,4,0,0,0,0,0.86,4.0
1875,18,1,0,1,11.0,13,0,2,0,1,0,0,1.74,4.0
1876,15,0,2,2,1.0,1,0,1,0,0,1,1,2.81,2.0
1877,16,1,3,2,6.0,0,0,3,1,0,1,0,3.49,1.0
1878,18,1,1,1,12.0,27,0,1,0,1,0,0,0.69,4.0
1879,15,1,3,2,19.0,17,0,2,1,0,0,0,2.16,3.0
1880,16,1,0,3,17.0,19,1,1,0,0,0,0,1.89,4.0
1881,16,1,0,2,5.0,7,1,2,1,0,1,0,2.88,2.0
1882,15,0,1,1,4.0,2,0,2,1,1,0,1,3.27,1.0
1883,15,0,1,2,4.0,25,0,2,1,1,1,0,1.03,4.0
1884,15,0,0,1,18.0,5,0,0,1,1,0,1,2.49,3.0
1885,16,1,0,1,17.0,21,1,2,0,0,0,0,1.71,4.0
1886,16,0,0,1,15.0,12,0,2,0,0,1,0,2.32,3.0
1887,18,0,0,3,8.0,8,0,1,0,0,0,0,2.2,3.0
1888,17,1,0,1,10.0,8,0,4,0,0,0,1,2.5,2.0
1889,15,1,2,0,9.0,19,0,2,0,0,0,0,1.05,4.0
1890,16,1,0,1,5.0,8,0,3,0,0,1,1,2.44,3.0
1891,16,1,0,3,10.0,14,1,1,0,0,0,0,1.91,4.0
1892,15,0,1,2,1.0,12,0,2,1,1,0,0,1.63,4.0
1893,17,1,1,1,3.0,21,0,1,1,1,0,0,1.07,4.0
1894,15,1,2,2,18.0,15,0,2,0,1,0,0,2.37,3.0
1895,17,0,1,2,15.0,1,0,1,0,0,0,0,2.97,2.0
1896,16,0,0,2,8.0,25,0,2,1,0,0,0,0.36,4.0
1897,17,1,2,1,10.0,13,0,2,0,0,1,1,1.92,4.0
1898,18,0,1,3,7.0,26,0,1,0,0,0,0,0.33,4.0
1899,16,1,0,1,15.0,5,1,3,0,0,0,1,3.22,1.0
1900,18,1,1,2,16.0,1,1,4,0,1,0,0,3.95,0.0
1901,15,0,3,0,15.0,7,0,1,0,0,0,0,2.8,2.0
1902,15,0,0,1,14.0,3,1,3,1,0,0,0,3.56,0.0
1903,15,1,0,1,4.0,20,1,3,0,0,0,0,1.36,4.0
1904,17,1,0,2,7.0,23,0,2,0,0,1,0,0.74,4.0
1905,16,1,0,0,9.0,13,0,3,1,0,0,1,2.32,3.0
1906,15,0,0,2,7.0,10,0,4,1,0,0,0,2.84,2.0
1907,15,1,1,1,15.0,23,0,2,0,0,0,1,0.83,4.0
1908,16,1,0,2,7.0,27,1,3,1,0,0,1,0.88,4.0
1909,15,1,3,3,3.0,13,0,3,1,0,0,0,1.47,4.0
1910,18,1,2,2,8.0,11,0,2,1,0,1,0,2.12,3.0
1911,16,1,1,2,20.0,15,0,2,1,0,0,0,2.48,3.0
1912,16,0,2,2,5.0,5,0,4,1,0,0,0,2.88,2.0
1913,16,1,0,1,12.0,19,0,3,0,1,0,0,1.66,4.0
1914,18,1,0,3,9.0,0,0,1,1,0,0,0,2.96,2.0
1915,16,1,1,1,1.0,11,0,1,1,0,1,0,2.03,3.0
1916,18,1,2,2,10.0,6,1,4,0,1,0,0,3.21,1.0
1917,16,0,2,2,14.0,7,1,0,0,0,0,0,2.55,2.0
1918,17,0,0,1,10.0,8,1,3,1,1,0,0,3.13,1.0
1919,15,0,3,1,17.0,1,1,1,1,1,0,0,4.0,0.0
1920,17,1,0,2,6.0,16,1,0,0,0,0,1,1.36,4.0
1921,15,1,2,3,2.0,19,0,0,0,1,0,0,0.68,4.0
1922,18,0,3,3,19.0,12,0,2,1,0,0,0,2.23,3.0
1923,17,0,0,2,8.0,4,0,0,0,0,0,1,1.95,4.0
1924,16,0,2,2,12.0,9,0,2,0,1,0,0,2.47,3.0
1925,15,1,0,3,16.0,11,0,3,0,1,0,0,2.51,2.0
1926,15,1,0,0,6.0,16,1,2,0,0,1,0,2.1,3.0
1927,17,0,1,1,14.0,20,0,3,1,0,0,1,1.35,4.0
1928,18,0,1,2,3.0,5,0,2,0,0,0,1,2.24,3.0
1929,17,0,3,3,6.0,2,0,2,0,0,0,0,2.64,2.0
1930,18,1,1,3,3.0,27,0,2,0,0,1,0,0.29,4.0
1931,18,1,0,2,16.0,14,1,2,0,1,0,0,2.08,3.0
1932,15,1,2,0,4.0,6,0,4,1,0,0,0,2.78,2.0
1933,17,0,3,2,14.0,29,0,3,0,0,0,0,0.48,4.0
1934,17,0,0,1,19.0,5,0,2,0,0,0,0,2.88,2.0
1935,18,1,3,1,11.0,3,1,3,0,0,0,0,3.47,1.0
1936,17,0,0,2,11.0,18,0,2,0,0,0,0,1.32,4.0
1937,16,1,2,0,9.0,4,0,1,1,0,0,0,2.72,2.0
1938,16,0,0,3,7.0,2,1,2,0,1,0,0,3.47,1.0
1939,17,0,0,2,10.0,25,0,3,1,0,0,0,0.93,4.0
1940,17,0,0,2,12.0,24,0,2,0,0,0,1,0.52,4.0
1941,18,0,1,0,20.0,8,0,3,0,1,0,0,2.73,2.0
1942,16,1,0,1,19.0,5,1,2,1,0,0,0,3.1,1.0
1943,16,0,0,0,17.0,12,0,2,1,0,0,0,2.07,3.0
1944,15,1,1,4,18.0,26,0,4,1,1,1,0,1.98,4.0
1945,18,1,3,3,9.0,21,0,2,0,0,0,0,0.77,4.0
1946,15,1,0,2,13.0,27,0,3,0,0,0,0,0.64,4.0
1947,16,0,0,1,18.0,29,0,3,1,1,1,0,1.15,4.0
1948,18,1,0,3,8.0,19,0,4,0,1,1,0,1.75,4.0
1949,17,1,0,1,19.0,3,0,0,1,0,0,0,2.82,2.0
1950,18,1,2,1,8.0,1,0,1,1,0,1,1,3.24,1.0
1951,17,0,2,2,12.0,25,0,3,1,0,0,0,0.71,4.0
1952,17,0,1,3,14.0,3,0,2,1,0,0,0,2.91,2.0
1953,18,1,0,0,19.0,7,0,2,0,0,0,0,2.89,2.0
1954,17,0,2,1,5.0,12,0,1,1,1,0,0,1.78,4.0
1955,15,1,1,3,15.0,9,0,1,0,0,0,1,2.46,3.0
1956,16,1,2,1,10.0,17,1,2,0,0,0,0,1.94,4.0
1957,17,0,1,1,5.0,8,0,1,0,0,0,0,2.29,3.0
1958,15,1,2,2,16.0,29,0,1,0,1,0,0,0.58,4.0
1959,17,0,1,3,11.0,0,0,0,1,0,1,1,2.91,2.0
1960,16,0,0,2,13.0,12,0,1,1,0,0,0,1.74,4.0
1961,15,1,3,4,6.0,17,1,3,0,1,0,0,1.67,4.0
1962,16,0,1,2,10.0,14,0,3,0,0,0,0,1.65,4.0
1963,16,0,1,0,12.0,1,0,0,1,0,0,1,2.71,2.0
1964,15,1,0,4,8.0,10,0,1,1,0,0,0,1.96,4.0
1965,15,1,1,2,4.0,28,0,2,1,1,0,0,0.67,4.0
1966,15,0,1,1,19.0,13,0,2,1,1,0,0,2.61,2.0
1967,18,0,0,2,10.0,21,0,3,1,0,1,0,1.57,4.0
1968,15,1,0,1,15.0,14,1,3,0,0,0,0,2.2,3.0
1969,15,0,1,0,8.0,13,1,3,1,0,0,0,2.33,3.0
1970,15,0,2,0,7.0,15,0,2,1,0,0,0,1.77,4.0
1971,15,0,1,2,8.0,22,0,2,1,1,0,1,1.15,4.0
1972,17,0,0,3,8.0,28,1,3,0,0,0,0,0.84,4.0
1973,18,0,1,2,11.0,14,0,0,1,1,0,0,1.56,4.0
1974,16,0,0,4,11.0,18,0,0,0,0,0,0,0.87,4.0
1975,15,0,0,1,10.0,26,1,0,0,1,1,0,0.61,4.0
1976,17,1,0,1,3.0,8,0,2,1,1,0,0,2.57,2.0
1977,17,1,0,1,10.0,4,0,1,0,0,0,0,2.31,3.0
1978,17,1,0,1,3.0,4,0,1,0,0,1,0,2.32,3.0
1979,16,1,0,1,3.0,10,0,3,1,0,0,0,2.31,3.0
1980,15,1,0,2,19.0,27,1,4,1,1,1,1,1.59,4.0
1981,18,0,0,3,12.0,19,0,1,1,0,1,0,1.63,4.0
1982,18,0,1,4,13.0,24,1,2,0,1,1,0,1.56,4.0
1983,17,0,0,1,8.0,23,0,1,1,0,0,0,0.68,4.0
1984,16,0,0,3,18.0,27,0,4,0,0,0,0,0.97,4.0
1985,16,1,2,1,13.0,3,0,1,1,0,0,1,3.34,1.0
1986,16,0,0,1,15.0,19,0,3,0,1,0,0,1.89,4.0
1987,18,0,1,3,7.0,17,0,1,1,0,0,0,1.47,4.0
1988,17,1,0,2,19.0,24,0,3,0,0,0,0,1.44,4.0
1989,15,0,0,1,16.0,2,1,1,1,1,0,0,3.4,1.0
1990,18,0,1,2,17.0,3,1,1,0,1,0,0,3.56,0.0
1991,17,1,1,1,3.0,13,0,1,1,1,1,0,2.07,3.0
1992,17,0,2,2,5.0,6,0,1,0,0,0,0,2.5,2.0
1993,15,0,1,2,6.0,25,1,3,1,0,0,0,0.97,4.0
1994,15,0,3,4,5.0,7,0,3,0,0,0,0,2.69,2.0
1995,15,0,0,0,17.0,23,0,2,0,1,0,0,0.86,4.0
1996,16,0,0,1,1.0,15,1,4,1,0,0,0,1.99,4.0
1997,15,1,0,2,2.0,19,0,2,1,0,0,0,1.2,4.0
1998,17,1,0,2,5.0,14,0,4,0,1,0,0,2.2,3.0
1999,15,1,1,1,4.0,6,0,1,0,0,1,0,1.9,4.0
2000,17,1,1,2,5.0,25,0,4,1,0,1,0,0.84,4.0
2001,18,1,0,3,16.0,16,0,0,1,0,0,1,1.36,4.0
2002,16,1,3,3,11.0,21,0,2,0,0,0,0,0.85,4.0
2003,18,0,2,3,0.0,21,1,2,1,0,0,0,1.0,4.0
2004,18,1,0,3,9.0,21,0,2,1,1,0,0,1.39,4.0
2005,17,1,0,2,8.0,11,0,2,0,1,0,1,2.44,3.0
2006,18,0,0,3,2.0,17,0,2,0,0,1,0,1.24,4.0
2007,17,0,0,1,14.0,23,1,4,1,0,0,0,1.96,4.0
2008,15,1,0,1,14.0,13,1,4,1,0,0,0,2.69,2.0
2009,15,0,1,1,14.0,14,1,4,1,1,0,0,2.74,2.0
2010,17,1,0,2,15.0,14,0,4,0,0,1,0,2.5,3.0
2011,15,0,0,1,0.0,4,1,3,0,1,0,0,2.97,2.0
2012,16,1,3,4,19.0,15,0,4,0,1,0,0,2.22,3.0
2013,18,0,1,1,16.0,4,0,3,1,0,0,0,3.5,0.0
2014,16,0,3,0,18.0,1,0,2,0,0,1,0,3.38,1.0
2015,18,1,0,2,0.0,19,0,3,0,0,0,0,1.42,4.0
2016,15,1,0,0,19.0,27,1,4,0,0,0,0,1.14,4.0
2017,16,1,1,1,16.0,24,0,3,0,0,0,0,0.77,4.0
2018,15,1,0,1,17.0,8,0,2,0,0,0,0,2.35,3.0
2019,18,1,0,2,2.0,21,0,0,0,0,0,1,0.32,4.0
2020,17,0,1,2,15.0,26,0,3,1,0,1,0,1.12,4.0
2021,17,1,1,2,19.0,8,0,4,0,0,0,0,2.72,2.0
2022,16,1,0,2,14.0,3,0,2,0,0,0,0,2.66,2.0
2023,15,0,0,2,11.0,14,0,1,0,0,0,0,1.53,4.0
2024,15,0,0,1,19.0,10,0,2,0,1,1,0,2.74,2.0
2025,16,1,0,1,9.0,0,1,2,0,1,1,0,3.75,0.0
2026,17,0,0,2,12.0,17,1,2,0,0,0,0,1.71,4.0
2027,18,0,0,0,10.0,28,1,3,0,0,0,0,0.96,4.0
2028,16,1,0,0,19.0,0,1,4,1,0,0,1,4.0,0.0
2029,18,0,3,2,2.0,7,0,3,0,0,0,0,1.86,4.0
2030,17,0,1,2,10.0,24,1,2,0,0,0,0,1.0,4.0
2031,15,1,2,1,14.0,15,0,4,1,1,0,0,2.41,3.0
2032,17,1,0,1,16.0,25,1,2,0,0,0,0,1.17,4.0
2033,16,0,0,3,12.0,27,0,1,1,0,0,0,0.28,4.0
2034,15,0,0,3,18.0,21,1,2,0,1,0,0,1.91,4.0
2035,16,1,0,2,19.0,17,0,3,0,0,1,0,2.02,3.0
2036,16,0,0,2,1.0,21,0,3,0,0,0,0,0.92,4.0
2037,17,0,2,2,8.0,8,0,4,1,1,0,0,3.13,1.0
2038,16,0,1,4,0.0,11,0,2,0,0,0,0,1.95,4.0
2039,17,1,1,4,7.0,18,1,1,0,0,0,0,1.51,4.0
2040,15,0,0,1,11.0,24,0,0,0,1,0,0,0.15,4.0
2041,17,0,3,3,18.0,17,0,3,0,1,0,0,1.71,4.0
2042,15,1,0,1,17.0,26,1,3,1,1,0,0,1.42,4.0
2043,17,0,0,1,3.0,4,0,2,0,1,0,0,2.44,3.0
2044,18,0,0,2,2.0,26,0,2,1,0,0,0,0.32,4.0
2045,18,1,2,2,12.0,1,0,4,0,1,0,0,3.54,0.0
2046,16,1,3,3,11.0,6,0,4,1,1,0,0,3.13,1.0
2047,17,1,0,0,5.0,26,1,1,0,1,0,0,0.66,4.0
2048,17,1,2,2,18.0,9,1,3,1,1,0,0,3.51,0.0
2049,15,0,2,3,19.0,14,1,3,0,0,1,0,2.86,2.0
2050,16,0,0,3,8.0,24,0,1,1,1,1,0,1.12,4.0
2051,17,1,0,1,18.0,6,0,2,1,0,0,0,3.2,1.0
2052,16,1,0,1,8.0,27,0,1,0,0,0,0,0.1,4.0
2053,18,0,3,2,15.0,4,1,1,1,0,0,0,3.02,1.0
2054,17,1,0,1,10.0,14,0,3,1,1,0,0,2.22,3.0
2055,17,0,2,4,2.0,19,0,2,1,0,0,1,1.11,4.0
2056,16,1,0,3,19.0,27,0,2,0,1,0,0,0.99,4.0
2057,17,0,2,1,9.0,19,0,2,0,0,0,0,1.18,4.0
2058,16,1,0,1,15.0,14,1,0,1,0,0,0,2.29,3.0
2059,17,1,1,0,7.0,9,0,3,0,0,0,1,2.29,3.0
2060,15,0,2,3,0.0,23,0,2,0,0,0,1,0.37,4.0
2061,16,1,2,1,2.0,25,0,2,1,1,0,0,0.67,4.0
2062,17,0,2,2,10.0,28,1,4,0,0,0,0,0.73,4.0
2063,18,0,0,2,14.0,25,0,2,0,0,1,0,1.01,4.0
2064,17,0,1,2,7.0,13,0,3,0,0,0,0,1.83,4.0
2065,18,0,0,0,14.0,25,0,2,1,0,0,0,0.94,4.0
2066,18,0,0,1,14.0,25,0,3,1,0,0,0,1.15,4.0
2067,15,1,1,3,14.0,9,1,3,1,0,0,0,3.03,1.0
2068,16,1,0,3,10.0,16,0,1,1,0,0,0,1.76,4.0
2069,17,0,1,2,18.0,20,1,3,0,0,1,0,1.97,4.0
2070,15,1,3,0,10.0,13,0,0,0,0,0,1,1.3,4.0
2071,17,0,0,1,9.0,1,1,4,0,1,1,0,3.77,0.0
2072,18,1,1,2,4.0,15,1,2,0,1,1,0,1.92,4.0
2073,16,1,0,1,6.0,12,0,3,0,0,0,0,1.79,4.0
2074,17,1,0,3,1.0,26,0,2,1,0,0,1,0.63,4.0
2075,17,1,0,2,13.0,8,0,3,1,0,1,0,2.85,2.0
2076,18,0,3,0,5.0,6,0,4,0,0,0,0,2.68,2.0
2077,17,0,2,3,6.0,15,0,3,1,0,0,0,1.9,4.0
2078,17,1,3,4,15.0,9,0,1,1,0,0,0,2.45,3.0
2079,18,1,3,0,7.0,23,1,2,1,0,0,0,1.21,4.0
2080,15,0,0,2,5.0,21,0,2,0,1,0,0,1.53,4.0
2081,18,1,0,1,3.0,8,1,2,0,1,0,0,2.69,2.0
2082,15,0,1,1,15.0,21,0,2,0,0,1,0,1.13,4.0
2083,16,0,0,1,3.0,22,0,2,0,0,0,0,0.74,4.0
2084,15,0,0,2,9.0,6,1,2,0,0,1,0,2.89,2.0
2085,15,1,0,4,10.0,15,0,1,1,0,0,0,1.38,4.0
2086,16,0,1,2,14.0,8,0,2,0,0,0,0,1.94,4.0
2087,15,1,1,0,13.0,26,1,1,0,1,1,0,1.06,4.0
2088,18,0,0,2,16.0,23,1,1,0,1,0,0,1.23,4.0
2089,15,1,0,1,1.0,28,0,3,1,0,0,0,0.15,4.0
2090,16,1,1,3,6.0,16,0,0,0,1,0,1,1.17,4.0
2091,18,1,1,2,6.0,19,0,2,0,0,0,0,1.02,4.0
2092,16,0,0,1,3.0,6,0,2,1,0,1,0,2.52,2.0
2093,16,0,2,1,6.0,10,0,2,0,0,0,0,2.03,3.0
2094,17,1,0,2,6.0,7,0,3,1,0,0,0,2.67,2.0
2095,17,1,0,1,10.0,6,0,2,0,1,0,0,2.87,2.0
2096,16,1,2,2,13.0,27,1,1,0,1,0,0,1.03,4.0
2097,16,0,1,1,8.0,18,1,3,0,0,0,0,1.76,4.0
2098,16,0,0,1,14.0,19,0,4,1,1,0,0,1.9,4.0
2099,17,0,1,2,7.0,11,0,0,1,1,0,1,2.04,3.0
2100,17,0,1,3,6.0,6,0,2,0,0,0,0,2.05,3.0
2101,15,1,2,3,11.0,7,0,2,0,0,0,0,2.33,3.0
2102,15,1,2,1,0.0,6,0,1,0,1,0,0,1.76,4.0
2103,16,0,1,1,2.0,5,0,2,1,1,1,0,2.83,2.0
2104,18,0,0,1,8.0,24,0,3,0,0,0,0,0.69,4.0
2105,18,1,0,2,19.0,8,1,1,0,0,1,0,2.95,2.0
2106,17,0,0,2,14.0,26,1,4,0,0,0,0,0.99,4.0
2107,17,0,0,3,2.0,12,1,2,0,1,0,0,2.14,3.0
2108,17,0,1,3,17.0,6,0,2,1,1,0,0,3.03,1.0
2109,16,0,1,1,15.0,7,0,3,1,0,0,0,2.8,2.0
2110,18,0,0,2,12.0,21,0,0,0,0,0,0,0.61,4.0
2111,15,0,0,3,16.0,16,1,2,0,1,0,0,2.2,3.0
2112,16,1,0,3,8.0,16,0,2,0,0,0,0,1.41,4.0
2113,15,0,0,0,4.0,15,0,2,0,1,0,0,1.44,4.0
2114,15,0,2,1,10.0,21,0,2,1,0,0,1,1.23,4.0
2115,16,1,0,2,11.0,1,0,0,0,0,0,0,2.79,2.0
2116,15,1,1,1,11.0,29,0,1,0,0,0,0,0.38,4.0
2117,18,1,3,1,11.0,7,0,1,0,0,0,1,2.17,3.0
2118,15,0,0,0,19.0,16,0,4,1,1,0,0,2.39,3.0
2119,18,1,0,2,18.0,12,0,0,0,1,0,0,1.78,4.0
2120,18,0,0,1,18.0,17,0,1,1,1,0,0,1.79,4.0
2121,18,0,1,0,16.0,23,0,4,1,0,0,0,1.27,4.0
2122,17,0,1,1,19.0,27,1,3,1,0,0,0,1.49,4.0
2123,15,1,0,3,2.0,21,0,2,1,0,0,0,1.06,4.0
2124,16,1,1,3,5.0,27,0,0,0,1,0,0,0.0,4.0
2125,16,1,2,2,10.0,9,0,3,0,0,0,0,2.15,3.0
2126,15,1,0,2,17.0,1,1,1,1,1,0,0,3.6,0.0
2127,17,1,0,4,10.0,1,0,3,1,1,0,0,3.81,0.0
2128,17,0,2,1,15.0,26,0,4,1,0,1,1,1.18,4.0
2129,18,0,1,1,3.0,13,0,2,1,1,0,1,1.95,4.0
2130,15,0,2,1,5.0,15,0,1,0,1,0,0,1.81,4.0
2131,15,0,1,1,15.0,6,0,3,0,1,1,0,3.22,1.0
2132,16,1,2,1,3.0,20,0,2,1,0,0,0,0.81,4.0
2133,15,1,0,3,7.0,20,1,2,1,1,0,0,1.29,4.0
2134,17,0,2,2,5.0,23,1,2,0,0,1,0,1.08,4.0
2135,15,1,3,2,7.0,11,1,3,0,0,1,0,2.92,2.0
2136,16,1,1,3,14.0,27,0,2,0,0,0,0,0.8,4.0
2137,18,0,0,0,7.0,22,1,4,0,0,0,0,1.45,4.0
2138,16,0,0,1,11.0,27,0,3,0,1,0,0,0.94,4.0
2139,16,1,0,2,2.0,13,0,1,1,0,0,0,1.78,4.0
2140,18,1,0,2,16.0,24,1,3,0,0,1,0,1.11,4.0
2141,16,0,0,0,7.0,3,0,1,1,0,0,0,2.81,2.0
2142,16,0,1,2,13.0,25,0,3,1,1,1,0,1.65,4.0
2143,15,0,1,2,15.0,3,0,1,1,1,0,0,3.6,0.0
2144,15,1,0,2,4.0,17,0,2,1,0,0,0,1.53,4.0
2145,18,0,1,2,18.0,2,1,3,0,1,0,1,3.46,1.0
2146,15,0,0,1,12.0,0,0,1,1,0,0,0,3.33,1.0
2147,15,1,0,0,9.0,16,0,3,0,0,0,0,1.72,4.0
2148,16,1,0,2,4.0,6,0,3,1,1,1,0,3.18,1.0
2149,17,1,1,1,19.0,29,1,2,0,1,0,0,1.0,4.0
2150,15,1,0,3,15.0,15,0,2,1,1,0,1,2.53,2.0
2151,17,1,0,2,4.0,29,0,4,0,0,1,0,0.51,4.0
2152,15,0,0,1,7.0,4,1,1,0,0,1,1,2.86,2.0
2153,15,0,2,2,16.0,18,0,3,0,0,1,0,1.73,4.0
2154,18,1,0,2,14.0,6,0,3,1,0,0,0,2.99,2.0
2155,18,1,1,1,15.0,13,1,4,0,0,0,0,2.57,2.0
2156,18,1,1,3,9.0,1,0,3,0,0,0,1,3.14,1.0
2157,17,1,2,3,14.0,2,1,2,1,0,0,1,3.64,0.0
2158,16,1,3,2,8.0,16,0,4,0,0,1,0,1.47,4.0
2159,15,0,0,0,4.0,15,1,3,0,0,0,0,1.8,4.0
2160,15,0,0,2,13.0,7,1,3,0,1,0,0,3.18,1.0
2161,15,0,2,2,20.0,17,0,0,0,0,0,0,1.44,4.0
2162,17,0,0,1,6.0,14,0,2,1,1,1,0,1.88,4.0
2163,18,1,1,1,9.0,6,1,3,0,0,1,0,3.13,1.0
2164,16,0,1,3,13.0,26,0,2,1,0,0,0,0.81,4.0
2165,17,1,1,0,11.0,8,0,2,0,0,0,0,2.48,3.0
2166,18,1,3,2,17.0,5,0,1,1,0,0,0,2.97,2.0
2167,17,1,3,2,15.0,17,1,2,1,0,0,0,2.07,3.0
2168,16,0,2,2,1.0,17,1,1,1,1,0,1,1.64,4.0
2169,18,1,0,0,20.0,24,0,1,0,0,0,0,0.91,4.0
2170,17,0,2,3,15.0,25,0,2,0,0,0,0,0.81,4.0
2171,16,0,0,1,17.0,23,1,3,0,0,0,0,1.68,4.0
2172,15,1,0,2,13.0,13,1,2,1,1,0,0,3.14,1.0
2173,16,1,2,2,17.0,13,0,1,0,0,1,0,1.8,4.0
2174,15,1,0,2,2.0,13,1,1,1,1,1,0,1.69,4.0
2175,17,0,0,4,7.0,24,1,2,0,0,1,0,0.9,4.0
2176,18,1,0,2,18.0,3,0,3,0,0,1,0,3.14,3.0
2177,18,0,2,1,4.0,3,1,3,0,0,0,1,3.19,2.0
2178,17,1,1,4,2.0,14,0,1,0,1,0,0,1.8,3.0
2179,18,1,1,2,16.0,14,0,2,1,1,0,0,2.44,4.0
2180,18,0,0,1,17.0,17,0,3,0,0,0,0,1.69,4.0
2181,15,0,2,1,3.0,13,1,1,0,0,0,0,1.84,1.0
2182,17,0,2,3,17.0,25,1,2,0,0,0,0,1.31,2.0
2183,16,0,0,1,14.0,0,0,2,1,0,0,0,3.55,2.0
2184,15,0,0,2,10.0,9,0,1,0,0,0,1,2.17,4.0
2185,17,0,0,2,17.0,28,0,0,0,1,0,0,0.38,4.0
2186,15,1,3,1,8.0,19,1,2,1,1,0,0,1.56,3.0
2187,16,1,1,2,4.0,9,1,0,0,0,0,0,2.19,3.0
2188,16,0,3,0,6.0,9,0,1,0,1,0,0,2.46,1.0
2189,17,1,0,2,10.0,26,0,2,0,1,0,0,0.43,4.0
2190,16,0,2,2,11.0,23,0,0,1,0,0,0,0.87,3.0
2191,15,1,2,2,16.0,1,0,2,1,0,0,0,3.22,1.0
2192,16,1,1,2,16.0,28,0,1,1,1,0,0,0.82,2.0
2193,15,0,3,3,12.0,27,1,2,1,0,0,0,0.62,4.0
2194,15,0,0,2,16.0,26,0,3,1,0,0,0,1.17,0.0
2195,16,0,0,0,4.0,7,0,3,0,1,1,0,2.8,4.0
2196,17,1,1,1,1.0,0,0,2,0,0,0,0,3.0,3.0
2197,18,0,2,2,17.0,0,0,0,0,1,0,0,3.35,4.0
2198,16,1,1,3,2.0,3,0,3,0,0,0,0,2.73,0.0
2199,15,0,0,3,5.0,6,0,1,1,0,0,0,2.56,4.0
2200,15,1,1,3,14.0,8,0,0,1,0,1,0,2.38,3.0
2201,16,1,0,1,8.0,15,1,3,0,0,0,0,2.06,2.0
2202,17,0,0,2,18.0,4,0,4,0,0,0,0,3.12,3.0
2203,17,1,1,2,6.0,1,1,2,1,0,0,0,3.45,1.0
2204,15,1,2,1,0.0,27,0,0,0,1,0,0,0.0,3.0
2205,15,0,0,0,6.0,22,0,3,0,0,0,0,1.03,1.0
2206,17,1,0,3,12.0,10,0,0,1,0,0,0,1.99,4.0
2207,18,0,0,1,8.0,17,1,3,0,0,0,0,1.67,1.0
2208,16,0,0,1,11.0,24,0,2,1,0,0,1,0.88,4.0
2209,15,0,2,0,18.0,24,0,2,1,0,0,0,0.86,1.0
2210,15,0,3,3,18.0,18,1,2,0,0,0,1,1.97,3.0
2211,17,1,0,2,5.0,12,0,4,0,1,0,0,2.27,0.0
2212,16,1,2,2,9.0,23,1,3,1,0,0,0,1.12,4.0
2213,17,1,2,3,11.0,10,0,2,0,1,1,0,2.37,1.0
2214,16,0,2,1,19.0,19,0,3,0,0,0,0,1.5,0.0
2215,16,1,0,2,20.0,18,0,2,1,0,0,0,1.88,1.0
2216,16,1,3,0,5.0,16,1,3,0,0,0,0,1.7,1.0
2217,15,0,0,1,15.0,4,0,3,0,1,0,0,3.37,1.0
2218,18,0,0,3,8.0,12,0,0,0,0,0,0,1.29,3.0
2219,17,1,0,2,0.0,29,0,2,0,0,0,0,0.0,1.0
2220,18,0,0,1,0.0,26,0,4,0,0,0,0,0.58,0.0
2221,17,0,0,1,9.0,19,1,4,0,1,1,1,1.99,1.0
2222,16,0,0,2,10.0,0,0,0,0,1,0,0,3.04,2.0
2223,15,0,0,0,0.0,9,0,1,0,0,0,0,1.76,4.0
2224,18,1,2,1,14.0,7,0,4,1,0,0,1,3.25,3.0
2225,15,0,2,1,6.0,23,0,2,1,1,0,0,1.09,2.0
2226,17,0,0,1,11.0,28,0,2,0,1,0,0,0.76,2.0
2227,15,0,2,3,6.0,7,0,1,0,0,0,0,2.3,0.0
2228,15,0,2,1,3.0,18,1,3,1,1,0,0,1.65,0.0
2229,18,0,2,1,8.0,5,1,1,1,0,0,1,2.83,3.0
2230,16,0,0,2,5.0,11,0,1,1,0,0,0,2.06,3.0
2231,15,0,1,3,11.0,27,1,1,1,0,0,0,0.77,4.0
2232,16,0,3,1,4.0,6,0,4,0,0,0,0,2.64,1.0
2233,17,1,1,0,10.0,15,0,3,0,0,1,0,1.93,3.0
2234,15,0,0,1,3.0,8,0,3,1,0,1,0,2.72,3.0
2235,18,1,1,2,13.0,20,0,2,1,0,0,0,1.33,1.0
2236,17,0,1,2,15.0,24,0,4,0,0,1,0,1.25,4.0
2237,17,0,1,3,2.0,21,1,3,0,0,0,0,1.33,0.0
2238,18,0,0,4,9.0,9,1,3,0,0,0,0,2.62,4.0
2239,15,0,0,2,1.0,9,0,4,0,1,0,0,2.41,1.0
2240,15,1,2,2,12.0,9,0,2,0,0,0,0,2.27,0.0
2241,17,0,2,2,5.0,19,1,3,1,0,0,0,1.76,0.0
2242,15,0,0,0,11.0,28,0,4,1,0,0,0,0.81,0.0
2243,16,1,3,4,10.0,15,0,3,1,1,0,1,2.19,4.0
2244,18,1,0,1,18.0,0,0,2,1,0,0,0,3.21,1.0
2245,16,0,1,1,11.0,16,0,0,0,0,0,0,1.28,4.0
2246,15,1,2,2,12.0,29,0,3,1,1,1,0,0.92,4.0
2247,17,1,2,1,8.0,25,1,2,1,0,1,0,1.33,2.0
2248,18,1,3,2,19.0,20,1,1,0,0,1,0,1.61,3.0
2249,15,0,0,2,16.0,28,0,3,1,0,1,0,1.26,4.0
2250,15,0,2,2,6.0,13,1,2,0,1,0,0,2.24,2.0
2251,17,0,0,3,17.0,18,0,2,1,0,0,0,1.56,1.0
2252,17,1,2,1,9.0,20,0,3,0,1,0,0,1.16,2.0
2253,16,0,2,2,17.0,20,1,2,0,0,1,0,1.68,4.0
2254,18,1,1,2,16.0,16,0,0,0,1,0,1,1.6,1.0
2255,18,0,0,2,4.0,13,0,2,0,0,0,0,1.27,2.0
2256,17,0,2,2,14.0,7,0,0,0,0,0,0,2.21,4.0
2257,16,1,0,1,6.0,20,1,1,0,0,0,0,1.01,1.0
2258,18,0,0,2,6.0,20,1,0,0,0,0,0,0.97,1.0
2259,17,1,2,1,6.0,8,1,1,0,0,0,0,2.68,3.0
2260,15,1,0,3,15.0,7,0,2,0,1,0,1,2.4,4.0
2261,18,0,2,1,5.0,12,1,2,1,0,0,0,2.38,3.0
2262,16,1,0,2,0.0,16,0,4,1,0,1,0,1.95,1.0
2263,16,0,0,0,14.0,18,1,2,1,0,0,0,1.78,1.0
2264,16,0,2,1,3.0,27,0,3,1,0,0,0,0.56,2.0
2265,15,1,1,2,2.0,6,0,2,0,1,1,0,2.8,3.0
2266,18,0,0,3,5.0,16,0,3,0,0,0,0,1.51,0.0
2267,18,1,2,2,8.0,0,1,3,0,0,0,0,3.04,4.0
2268,15,0,1,3,10.0,4,1,2,1,0,0,0,3.21,3.0
2269,18,0,1,2,1.0,24,0,1,1,0,0,0,0.62,1.0
2270,15,0,0,2,19.0,5,0,2,0,0,0,1,2.8,2.0
2271,15,0,2,1,14.0,25,1,3,0,0,0,0,1.3,4.0
2272,15,0,2,3,6.0,1,0,2,1,1,0,0,3.48,4.0
2273,16,1,2,1,6.0,26,1,3,0,1,0,0,1.25,2.0
2274,18,1,0,3,9.0,24,1,1,0,1,0,0,1.17,1.0
2275,15,1,2,3,13.0,15,0,0,1,1,0,0,2.28,0.0
2276,18,1,1,3,3.0,21,0,2,0,0,0,0,1.02,2.0
2277,16,1,1,2,4.0,4,0,3,1,0,0,1,2.9,0.0
2278,15,1,0,2,17.0,4,0,2,0,1,0,0,3.28,3.0
2279,17,0,2,2,5.0,11,0,3,1,1,0,0,2.43,4.0
2280,16,0,2,1,8.0,2,1,1,1,0,1,0,3.23,1.0
2281,17,1,0,2,17.0,29,0,2,0,0,0,0,0.21,0.0
2282,18,1,0,0,13.0,15,0,3,1,0,0,0,2.02,1.0
2283,18,0,2,2,7.0,5,0,3,1,0,0,0,3.03,3.0
2284,16,0,0,1,14.0,14,0,1,1,0,0,0,1.7,0.0
2285,18,0,3,1,0.0,14,1,2,0,1,1,1,2.1,1.0
2286,17,1,1,1,15.0,28,0,3,0,0,0,0,0.52,1.0
2287,15,1,1,2,10.0,15,0,0,0,0,0,0,1.3,3.0
2288,15,1,0,2,16.0,19,1,3,1,0,1,0,2.14,2.0
2289,15,0,0,0,19.0,12,0,2,1,0,0,1,2.42,3.0
2290,16,0,3,2,19.0,11,0,1,0,0,0,0,2.57,0.0
2291,18,1,0,1,18.0,9,0,3,0,1,0,0,2.7,0.0
2292,17,1,2,2,10.0,13,1,1,1,1,0,1,2.31,4.0
2293,18,0,0,2,7.0,1,0,4,0,1,0,0,3.38,1.0
2294,18,0,0,2,9.0,28,1,3,0,0,0,0,0.39,0.0
2295,18,0,0,2,14.0,2,1,3,0,0,0,0,3.6,2.0
2296,15,0,1,1,18.0,8,0,0,0,1,0,0,2.28,2.0
2297,17,1,3,2,4.0,10,0,4,1,0,0,0,2.71,3.0
2298,17,0,0,2,18.0,10,0,3,0,1,0,1,2.56,0.0
2299,18,0,0,2,16.0,24,0,1,0,1,0,1,1.03,0.0
2300,15,0,0,2,20.0,21,1,2,1,0,0,0,2.1,4.0
2301,15,1,1,0,18.0,9,0,1,0,0,0,0,2.38,4.0
2302,17,1,0,2,6.0,25,0,4,0,0,0,0,0.66,4.0
2303,15,0,2,2,2.0,13,1,3,1,0,0,0,2.0,0.0
2304,15,0,1,1,2.0,8,0,4,1,0,0,0,2.14,3.0
2305,15,0,1,0,6.0,19,0,3,0,1,0,0,1.36,3.0
2306,16,1,0,0,12.0,26,0,2,0,1,0,0,0.5,3.0
2307,18,1,3,3,16.0,20,0,1,0,0,1,0,1.29,3.0
2308,17,1,0,2,18.0,9,1,1,1,0,0,1,2.67,2.0
2309,17,0,0,1,12.0,21,0,1,0,0,0,0,0.95,0.0
2310,16,1,1,1,0.0,28,0,2,0,0,0,0,0.0,1.0
2311,18,0,1,2,4.0,8,0,4,0,0,0,1,2.32,0.0
2312,17,0,0,3,2.0,28,0,4,1,0,0,1,0.67,3.0
2313,15,0,0,0,7.0,4,0,1,0,0,0,0,2.54,2.0
2314,17,1,2,1,10.0,7,0,3,0,0,1,0,2.34,2.0
2315,15,0,0,3,1.0,10,1,2,0,0,0,0,2.24,0.0
2316,16,1,2,0,7.0,0,1,2,0,0,0,0,3.05,1.0
2317,15,1,1,1,4.0,20,0,3,1,0,0,0,0.95,3.0
2318,17,0,0,4,13.0,9,0,2,1,0,1,1,2.6,2.0
2319,17,0,0,2,9.0,0,0,4,1,0,1,1,4.0,3.0
2320,17,1,0,1,10.0,25,0,3,1,1,0,0,1.08,3.0
2321,16,0,2,0,9.0,29,0,3,0,1,0,0,0.53,3.0
2322,16,1,1,0,19.0,21,0,1,1,0,0,0,1.46,4.0
2323,18,0,0,1,4.0,6,0,1,0,0,0,0,2.01,3.0
2324,17,1,1,3,10.0,27,0,2,0,0,0,0,0.47,3.0
2325,15,1,3,2,15.0,13,1,3,1,0,0,1,2.38,1.0
2326,16,1,0,2,11.0,4,0,4,1,1,0,0,3.55,1.0
2327,17,1,3,3,19.0,16,1,2,1,0,0,0,2.29,4.0
2328,17,0,0,2,8.0,21,0,3,1,0,0,0,1.34,4.0
2329,16,0,0,1,9.0,25,0,2,1,0,0,0,0.81,3.0
2330,18,1,0,2,2.0,20,1,1,0,1,0,1,1.56,2.0
2331,16,1,0,3,12.0,5,0,3,1,1,0,0,3.26,2.0
2332,16,0,0,3,6.0,15,1,3,1,0,0,0,2.18,0.0
2333,15,0,0,0,3.0,10,0,1,1,1,0,1,2.22,2.0
2334,15,0,3,2,11.0,9,0,2,1,0,0,0,2.23,2.0
2335,18,0,2,2,11.0,14,0,2,0,0,0,0,1.57,1.0
2336,17,0,2,3,2.0,6,0,1,1,0,0,0,2.08,0.0
2337,16,0,0,1,14.0,22,1,4,0,0,1,0,1.56,0.0
2338,18,1,0,2,12.0,1,1,2,1,0,1,0,3.57,1.0
2339,15,0,0,3,4.0,11,1,1,0,1,0,0,2.07,2.0
2340,16,0,2,2,9.0,18,0,1,0,1,0,0,1.29,2.0
2341,17,1,3,2,14.0,11,0,4,0,0,0,0,2.55,0.0
2342,15,0,0,0,11.0,15,0,3,0,0,0,1,2.04,2.0
2343,15,0,0,1,8.0,5,0,3,0,0,0,0,2.92,0.0
2344,15,0,1,1,6.0,2,1,0,0,0,0,1,2.8,2.0
2345,18,0,0,3,12.0,1,0,3,0,1,0,0,3.25,3.0
2346,17,0,0,1,19.0,19,0,2,0,0,1,0,1.82,1.0
2347,16,1,1,2,13.0,4,0,3,0,0,1,0,2.99,4.0
2348,18,0,2,2,1.0,10,1,4,0,0,1,0,2.63,3.0
2349,18,1,0,1,9.0,25,1,1,1,0,0,0,0.93,2.0
2350,18,1,0,2,18.0,24,0,2,0,0,1,0,0.87,4.0
2351,15,0,3,2,2.0,2,0,0,0,1,0,0,2.45,3.0
2352,17,1,0,3,20.0,2,0,2,0,1,0,1,3.5,1.0
2353,18,0,0,2,19.0,21,0,1,0,0,0,0,1.09,4.0
2354,16,1,0,2,2.0,4,1,4,1,1,0,0,3.98,4.0
2355,17,1,0,1,19.0,21,0,2,0,1,1,0,1.52,1.0
2356,16,0,0,3,7.0,22,0,3,0,0,0,0,0.77,3.0
2357,17,0,2,1,17.0,10,0,3,0,0,0,1,2.47,4.0
2358,16,0,0,2,8.0,2,0,4,1,0,0,0,3.29,1.0
2359,15,0,0,1,9.0,12,1,2,1,0,1,0,2.12,3.0
2360,18,0,1,3,13.0,20,0,2,0,0,0,0,1.35,2.0
2361,16,1,1,2,15.0,7,0,0,0,0,0,0,2.46,0.0
2362,17,1,2,2,1.0,19,1,0,0,0,0,0,1.04,2.0
2363,18,1,2,1,12.0,9,0,3,1,0,0,0,2.67,2.0
2364,18,1,0,2,4.0,1,1,0,0,0,0,0,2.74,0.0
2365,17,1,2,2,7.0,3,0,2,0,0,0,0,2.74,2.0
2366,16,1,0,2,7.0,17,0,0,0,0,0,0,0.98,2.0
2367,15,1,3,1,9.0,18,0,3,0,0,1,0,1.45,1.0
2368,15,0,0,4,7.0,3,0,2,0,0,1,1,3.16,1.0
2369,16,0,3,3,2.0,19,0,1,0,0,0,1,1.07,3.0
2370,18,1,2,1,3.0,25,0,1,0,1,0,1,0.57,4.0
2371,18,1,0,3,1.0,8,0,2,0,0,0,1,1.93,3.0
2372,18,0,1,2,9.0,15,0,3,0,0,0,0,1.85,1.0
2373,18,0,3,2,19.0,25,0,2,0,0,0,0,0.83,1.0
2374,16,0,2,1,2.0,5,1,3,1,0,0,0,2.91,0.0
2375,18,0,0,2,19.0,24,0,1,1,0,1,1,1.16,0.0
2376,17,1,2,2,15.0,3,0,0,1,0,0,0,2.93,1.0
2377,18,0,0,2,13.0,8,1,0,1,1,0,0,2.65,2.0
2378,15,1,0,2,13.0,26,0,2,0,0,1,1,0.71,3.0
2379,18,1,0,2,17.0,12,0,3,0,0,0,0,2.51,1.0
2380,16,1,0,2,2.0,8,0,1,1,1,0,0,1.98,1.0
2381,15,0,2,0,10.0,5,0,3,0,0,0,0,2.96,0.0
2382,16,0,0,3,14.0,20,0,2,0,0,0,0,1.19,3.0
2383,16,1,2,2,12.0,18,1,4,0,0,0,0,1.81,3.0
2384,15,1,0,1,17.0,13,1,3,0,1,0,0,2.54,4.0
2385,16,1,0,1,1.0,20,0,3,1,1,0,0,1.4,1.0
2386,16,0,0,2,14.0,14,0,2,0,0,0,0,2.0,4.0
2387,18,1,0,3,11.0,2,0,4,1,0,0,0,3.46,0.0
2388,17,0,0,1,8.0,4,1,4,0,1,0,0,3.28,4.0
2389,16,1,0,2,7.0,20,0,2,0,0,0,1,1.14,2.0
2390,16,1,1,0,12.0,17,0,2,0,1,1,0,1.8,1.0
2391,16,1,0,2,18.0,13,0,2,0,0,0,1,2.14,1.0
